crop_type,residue_availability,temperature,humidity,water_availability,biofuel_yield
Sugarcane,72.83455426177707,25.572453554086543,69.65113532637818,786.519548927123,679.439429605111
Rice,58.24867297097084,24.37545632889193,65.87166767928306,1302.6403123529296,610.9662841722438
Wheat,37.8574854657695,10.769261974193071,54.411737087334394,1497.2378999036027,430.5476207676236
Sugarcane,83.24155177362537,20.237434828784693,77.36282861671599,530.0260053293928,205.17148623176843
Sugarcane,71.62580552984913,21.405868563575712,32.02847093170416,1397.3658657909318,596.9913775206512
Rice,24.63552454104022,21.964683426907015,26.555852618577283,1122.630533598658,428.5007908497945
Wheat,91.98344660444582,27.40517107681997,71.23771801732534,1473.382619164821,787.6866405684281
Wheat,84.0283518630852,26.008076401806353,46.34898899802489,965.0095175264275,219.1570122163868
Sugarcane,95.48199219627317,28.23715278380334,70.81813125242363,1347.3879305713738,667.8622490446327
Corn,75.3147557549524,32.94649784626385,73.5854123117249,562.3940685982773,953.1793900048523
Sugarcane,65.20736763422109,34.3895721614828,23.747455617144286,835.2790500782958,339.52741368919965
Sugarcane,47.6418732661557,31.543692286794833,73.00788577916364,567.01653775121,577.3195926004763
Sugarcane,93.94556350186119,38.66571087864804,46.89914332216533,1475.3431334790705,273.13759345371056
Sugarcane,87.94575005503675,10.546977480290849,50.62594934025393,1316.9739072718367,700.5455298090822
Rice,14.069680309557047,15.873339570506383,57.59555066559261,1352.5474212459703,640.4253444769804
Wheat,12.37302770475268,10.226886249344263,75.58295640380521,1437.9652314338941,525.8924193702659
Rice,43.881703019024464,29.42424142463809,21.146965665785842,585.1034861197853,617.1016171789929
Rice,82.94979977036496,36.94091646849961,48.610608099069026,885.5975925133334,917.2597267752082
Rice,98.854851638345,17.304468897288977,61.26332254583364,571.0348890440022,357.0354418488536
Sugarcane,23.537520199317537,37.8110363438892,63.362417461893706,710.7931015500286,218.0516093642778
Corn,63.47176438169216,11.808021708686825,61.55194589222648,729.3657770376724,889.3319077592807
Wheat,44.28017709679194,38.03308080416543,28.066107764487313,969.1072110475786,661.6936659103252
Corn,97.29229580331429,20.54868061718903,37.963735302300876,768.5621674536426,912.5267643694739
Rice,85.79070308221378,13.042624853476497,41.52293152502081,600.978106817761,677.556178730538
Rice,85.44958342400241,24.57615277558977,68.2662324607703,667.4910890941077,848.1288719677619
Corn,52.18238438154732,17.70329703161524,36.72559234487318,647.275563552091,543.7386906841184
Corn,47.33375521038987,18.546187058857683,32.64229783203219,1473.0767979122984,799.887945030615
Corn,34.60663647376356,19.218698947788596,77.44688114228578,1259.2925069184735,930.4331735118848
Rice,15.073794698583441,34.0907769349799,20.531797106808135,1467.761465269562,657.6983709777651
Rice,87.82501386295479,26.174838300257633,79.8692513409187,939.7404865079086,344.62812044990363
Wheat,83.16109082170698,19.33923097468011,60.609277931443735,778.3684816626567,415.0380920241586
Wheat,99.97459059575175,28.31001349932755,69.70815796694703,1298.2931972091867,358.9156615179246
Rice,99.69731533665149,31.484520226695807,37.67716378077159,826.2539180411468,397.4856220765863
Corn,59.988853504236474,18.17872002200601,20.8589166600236,799.3833737053483,445.1323594808291
Corn,79.20886736624594,22.406473045760546,64.2721711136918,732.5059922078312,644.1070294025508
Wheat,95.02891568941853,13.656582800108428,70.04867582004054,629.6789782242354,670.3933035710662
Rice,86.46826516096704,15.43448048604041,64.42856791721115,756.463061016766,541.1997977934889
Wheat,32.26132915688779,30.433535618949485,28.571017238050317,855.3197484738877,692.3366238566683
Wheat,50.54897217790842,15.443150430868808,65.20567533541814,1173.9942081457305,265.25994048909274
Sugarcane,21.62434736363455,25.754901510011805,66.13536692645846,562.5648422194515,270.23058964652796
Sugarcane,95.86459245328501,31.27138785167298,59.512430940203295,710.506939665343,337.46356828612676
Sugarcane,64.5557171005792,13.206307692842316,65.96695596773517,1309.0236402916764,614.4619984322758
Corn,30.577852495311646,27.019366588867108,70.75528638066393,646.9219235837708,371.19574295865084
Rice,70.4530615965271,17.696883511040912,56.8162468542475,842.6451465225216,426.62752279406186
Rice,65.63154164121062,38.887806257127394,25.316282838180744,1364.65892185814,520.2502689383953
Rice,42.23464462295564,24.50636940159774,49.25766858003265,654.9253111434426,849.4928992083038
Rice,20.220183297966614,34.17977649325474,24.658960080296303,582.7368356181898,211.0897087302881
Sugarcane,70.44158760335196,26.506796264687853,44.45258186194585,984.5379950800109,719.5030561892979
Corn,56.827693081341394,11.302375985644575,44.42638934753766,802.4195112785364,735.1012248325483
Corn,79.50865525620753,28.994541267820672,23.960590648414495,1063.4083644838543,838.9246242853093
Sugarcane,56.814715100079404,38.54210026619971,40.92923203816876,1303.804890483475,946.2023512482506
Corn,86.69633502866861,28.048354604389935,26.65988592747889,637.1484881527432,216.11027915943185
Sugarcane,59.6716154897037,34.57566578280371,68.49411260055334,1080.699084554285,323.02696441057293
Rice,60.484417438184764,36.526193900452235,76.86128155786824,1005.5087603898639,908.9370352447944
Sugarcane,88.89882423925106,16.842393158467974,24.338988515476316,644.0787860131995,566.8148497496122
Rice,46.31345795911573,16.3613451972468,77.30691243750209,1123.9984855289824,651.6725111467708
Rice,22.061370560557666,28.32942966552975,51.354595960204705,773.6404178607717,730.4217629785179
Wheat,12.590440868200508,22.330854094201143,37.973940677232434,987.8343185440125,743.25328359651
Sugarcane,77.9623530106257,35.19583908600161,24.61172451656981,582.2723242770619,945.3923226532065
Wheat,65.82785962181183,37.000693701940335,50.03745608422507,959.584057213623,997.5595339293358
Sugarcane,73.36717912893012,20.602641379081543,67.67093266944492,806.4634680428203,776.1259687447522
Sugarcane,29.166774535801967,17.10611676923446,62.42518863600189,1322.3812111853545,429.77696736412065
Wheat,22.27343280280928,33.41576545731586,23.013560687838424,556.9787269973683,903.8019218354749
Wheat,11.309019910109374,18.244181066444085,24.37411012207421,918.60727491833,239.37673163260928
Sugarcane,41.55288029259373,34.67842955541035,44.17239695795823,958.431424131438,384.86468229959695
Corn,63.09259181691698,22.712147609462885,37.717429642876596,1225.0060762991188,917.9085739709719
Rice,45.30196405897591,30.026496978744113,33.94305938336287,1074.287575090211,404.95321155148395
Wheat,49.37274298213561,12.866059415040045,36.86026993452282,1167.2123371941811,376.5208476973988
Rice,91.37428250443736,28.71577974029719,68.20896459781308,1277.0492856517562,310.5002345121978
Corn,41.34299203209703,23.55303036211687,75.75368321791123,1362.2029736581887,887.2894061175332
Corn,56.25905402438297,27.59825389526422,44.30616167165398,813.8754967224705,600.0466073528694
Corn,80.52877114670288,15.040426232345903,74.36666012794981,1038.0227053639028,739.9145624433238
Wheat,45.68885040891431,32.106212348325464,39.28974207487292,1340.1080784391997,391.25310726002374
Corn,65.98780302050861,35.88391232629685,48.586219180627495,1489.4511309650566,806.4323368089732
Wheat,87.61273378720706,16.50219400272327,33.56173986895998,1389.519311043763,808.0044359696788
Corn,95.45685612918778,12.871436665604852,58.428562530550636,871.4672626243769,450.0784199266401
Rice,23.236613283613416,10.709157581390091,78.73886691048853,695.1665172186504,528.5461064082263
Rice,93.3928862645345,29.25914501329798,56.20958576260272,989.3925374065886,367.7522219441607
Sugarcane,54.29046637715844,28.212821082663424,41.46884504681293,1241.6414518360423,981.2488186583234
Rice,33.24199494690625,26.4009223814221,58.869046759431704,992.5690707532976,716.4820616467293
Sugarcane,51.322218061443515,16.958412883479262,27.375240707923254,983.1808633136685,947.6351045724124
Rice,98.20293177569293,21.72717987716544,73.31954481592392,1338.2304210818006,442.7084349033065
Wheat,54.33562845935826,27.834290055585193,50.185037046790185,861.4037790671864,825.5127303975117
Rice,39.587644925875736,24.90300576577508,46.960984522378524,1359.7946748116456,812.6869151077937
Sugarcane,67.00607688850532,39.63356560644662,55.151887307211155,906.8048009517236,753.3245214932332
Sugarcane,31.613105690037376,14.093192576701995,57.487031767364144,828.2331056783394,972.5111802134403
Corn,16.827699529779753,30.854336621427812,24.306548373590783,953.989911199699,514.8442688850524
Wheat,21.59917497195843,22.129563043128762,60.95703327340414,1262.4469586748685,304.57385887180584
Rice,21.524125506199518,22.84598844776844,34.515900818931776,626.0020278639943,737.3670873952486
Corn,23.67124241610649,31.527932969745287,62.83715795039539,696.4192158720174,783.447840381765
Rice,22.49444553844691,30.77308453973109,69.3520876630518,1451.444825663092,660.0484587670517
Rice,67.67872703228932,39.73767981106565,68.23751045315122,675.4916273813574,365.454314506717
Corn,26.369207595923033,13.851828683623758,53.15005804447335,1067.7273179310546,603.5647533354843
Corn,41.11005549914769,13.12328948152499,51.21019353864507,1079.3144666619378,449.7517892553035
Corn,90.71095689154106,31.730164513862235,28.572557680364703,989.6244620502448,541.9732225333512
Corn,52.65654762365851,27.351607510192274,66.52076902418813,1144.7452485768185,716.1748606757311
Corn,70.08019646689245,18.224819996794174,36.28456282680286,729.8267257976185,796.1717941526676
Rice,25.508788408146685,12.382581069669598,49.80172536907679,1052.6622677767482,385.7797527210745
Corn,27.30601169278037,12.569747487892915,37.056445575651004,872.1732552468972,524.2602885175627
Wheat,13.678175463983099,36.82572623992355,28.029701779981586,1161.6672596291892,415.32925679330333
Sugarcane,25.204155676494807,15.756019741562287,57.77346181350419,641.2235433731495,358.9052910894953
Corn,35.073130512876276,19.701146863465624,23.25992208937423,1070.8774168394762,826.7097759966707
Corn,25.93094358490721,16.79969206680964,64.918714047572,685.2703553833237,927.4021555495939
Rice,17.983228038135003,20.64988917495812,39.055207715666995,778.6430631150364,496.1857485476614
Corn,20.857228399054073,12.0827152823828,20.00808158026912,718.7098003235833,801.0231394990135
Corn,51.47008912294532,25.57179372724811,50.66774835423379,682.837779868817,917.5962314915289
Corn,28.570034656521326,12.028376907766447,22.811114511656186,1325.7109515606671,876.8993684241852
Rice,42.78428749432679,34.01069523467085,36.57017346925397,785.7075676608904,346.25071083138073
Corn,55.30755437693712,17.01136245731299,62.41858924734297,1427.1237818644495,965.0335052106891
Sugarcane,72.13553457664287,26.200357438135317,23.761377297311952,1469.9265253451908,501.34115234357
Rice,13.538092585698905,36.40237262684374,70.36030954136014,1071.2604699370972,471.39252893906905
Sugarcane,81.94693590181384,29.526321071415826,20.229195359514986,643.0011226657264,249.94506182222426
Rice,66.51103505418169,25.988733596540058,34.809432152114134,874.5482433795812,588.9389232839064
Corn,17.35831287539847,19.730012593461268,64.45424336912428,1297.732263348214,287.21089251274293
Sugarcane,88.62207616960995,19.990057391745935,38.97620898375841,867.3907286970705,398.8318567419408
Rice,92.87851604786319,30.084608655945704,26.113543283960812,587.0172183027887,453.5540974138251
Wheat,15.497016386937737,39.82418083663502,41.61403512802568,1056.7849109281879,847.0610587933472
Corn,34.918988333248336,29.855175695481357,36.22359718307153,1345.120851496035,900.3909203167173
Rice,82.55811518137551,26.733502521100746,70.56271412963329,1295.9263871435023,441.97305396917574
Wheat,77.34337213452925,31.919515307177384,38.80087505510859,675.1231401303532,886.9584969956591
Rice,26.60689174207396,23.956168368511545,67.33594830656043,1172.7646144124667,885.7847498958329
Wheat,28.841439100303926,11.804270278023557,73.51232868864409,720.5042634356471,811.7207603078988
Corn,43.34248925122438,26.868904476337296,46.02904517459177,718.2075345521722,317.3560912121452
Sugarcane,53.60706866719192,38.728758535161404,74.59658863126353,1374.0717733051852,752.2582775205832
Wheat,65.64292943772664,15.259088270729789,42.63908323779157,749.6689527402302,956.019251664455
Rice,43.202227561279514,30.700146724619973,77.8447049894065,763.2473465180112,746.0323830137256
Corn,51.62812445198331,16.028010659771695,25.357371471534375,500.65339076129953,465.29347928626714
Wheat,77.2723844320381,26.074830534192436,61.22115599019457,1370.6690341255176,600.463453944665
Rice,13.30148826015381,12.900293489401589,49.62884242741572,1292.5948132091348,716.5800346808429
Rice,32.719324990961866,23.511128087745554,43.25892832733882,1127.328935090678,608.4563269828029
Rice,74.20146272960972,32.68489986685738,57.96271272491605,1250.2657639388422,295.96235338477584
Wheat,90.56861539184794,20.42714572716946,62.23142549805987,652.0485674244918,449.6512357216165
Wheat,56.05096979040995,29.94735173461654,20.261796179018546,958.3235945875754,841.916824442906
Wheat,57.89021367387841,33.86349882369188,30.01718532483192,851.2193873487809,889.1344368764139
Sugarcane,19.645481020579844,37.81533458438358,62.78276303805912,593.7765262570165,309.8400261724562
Wheat,50.26711301411092,17.039262455663607,59.98312481469239,986.1304852149241,961.9094019189797
Wheat,57.935553980952086,21.979477474279243,77.96285030772063,1420.7396503426353,463.05809427888744
Wheat,31.82234532712567,14.572480399912523,65.66226741504698,540.0591190506944,729.850990984576
Sugarcane,34.231890785444286,39.77450506475125,77.04636246388029,791.4609134937939,801.4601167653449
Wheat,43.95557467941604,37.81002903772886,62.152430092088416,707.5409362057035,849.5569877103068
Rice,11.806407799995373,26.19871390841679,37.883132518366594,738.1466536656962,956.5997617807441
Wheat,38.987124902486045,35.26099883129264,26.321895335051387,1408.4345518793752,450.33563842305807
Rice,29.03032062968902,25.628739318161266,66.90943180069613,968.0690542342902,886.8051636412436
Rice,39.47476169601232,28.707570640082793,58.64895328855496,966.2994129398188,305.3495227489656
Rice,20.778591863732608,12.673732963480498,22.891160743597773,1260.5756424552824,764.0327250828742
Sugarcane,90.14745526659054,32.65811261490424,41.6030279540587,654.4922040049258,793.5821836111887
Sugarcane,63.42332081986438,13.831404509057045,77.40798892905717,987.2653541000508,742.1785929610563
Sugarcane,71.11920872300406,34.78202890757585,50.02406874261207,929.9852141210597,401.8517889081224
Wheat,81.02541147466044,33.46084263011158,45.96374816118228,1096.910690546656,898.4345176121627
Rice,54.85979790361515,31.262340932289295,47.46197630955764,1499.5577032504386,335.08677069631597
Sugarcane,17.82282592786813,11.084811415742863,32.53296344030982,1269.448894082047,242.90783321666467
Sugarcane,58.3395887636693,19.093850678359857,42.122430251887714,897.8657030174272,773.9719924895297
Wheat,62.815700621879124,17.893377097325285,42.188795359230596,1327.5530522740469,580.380572186187
Sugarcane,77.0895526765897,20.80409222414557,23.141301211248344,670.7083633124802,879.2784159669409
Wheat,48.84935916067114,12.629282402915155,66.0540577110751,530.4636863089602,506.7177128466072
Corn,21.48222725160074,38.10873469093188,44.99026591423274,704.448372464273,334.6228708061702
Sugarcane,35.539831521885205,26.61406722137129,69.3307932089854,840.4115561142596,869.1537539758958
Corn,42.67740667587716,19.165729319740706,71.02088006719373,1010.5807574595599,639.1277053120573
Wheat,68.13255171984412,21.9094455122285,32.71964328191949,1115.1291405411998,351.3566339122839
Rice,61.37004742020207,23.41607621514507,59.441208930207715,1410.6057172144217,776.3071988691567
Sugarcane,42.048705330806165,28.01783000081852,48.3369082497789,1009.8540095504577,608.8909107916004
Wheat,98.78637239136818,25.470382830894934,72.8094042752891,1001.2756446257295,683.4503857922559
Rice,64.51973374211985,37.58175919643252,32.94444075058725,550.2430098229821,568.7186705652655
Rice,31.350411256239504,24.908904487174908,60.66879201860265,534.9115526562238,862.9671870544051
Corn,19.160422535836336,39.764740444699385,56.46512733516335,1051.1599619163721,863.6501725464399
Wheat,23.75732252658988,35.54274873235288,37.718088654309966,938.1786132483445,767.511057459509
Rice,32.136195554605735,16.255315430720074,28.196054219070355,1339.1803949802986,284.3211019171698
Sugarcane,24.46132359336001,37.91785643931749,59.09838562863659,660.6795847118451,871.0830895232551
Sugarcane,26.79103216461752,13.490991936564283,64.31584748793983,524.9716621170496,736.8103844263278
Corn,35.65856518244624,34.523491254735745,38.937640625800995,949.0387679301259,757.6193328034396
Rice,25.603623576527934,21.418698804297403,58.68995624133883,737.4785567522574,490.38627232309733
Wheat,90.70888821637827,36.33922961335209,43.7078544566902,549.6143733388375,903.4236449256053
Sugarcane,17.2210371095478,36.04170070322351,62.79241299695706,1224.598286847629,780.297280187886
Rice,57.20602506132292,34.177762003528635,31.952916493643187,611.5929999572475,290.07237322335556
Rice,46.935714429069535,33.70091308921184,73.41290015817046,1108.3195000077717,526.2224275249301
Corn,98.41407552177458,19.140374172941222,37.244575787934785,781.0497501668892,909.1042895681134
Sugarcane,20.08350119512471,12.427578491537565,42.06715926536917,673.496050355022,237.7573613579032
Sugarcane,45.80700391411675,22.089405362954842,23.485517124820987,879.7515229193175,969.1332957136397
Wheat,97.2523389947832,15.20573544959526,26.690732739276584,1301.4457762229536,743.3300546556502
Sugarcane,87.89564133045822,30.84853266707385,50.95171416273969,892.0935769045727,705.1007821147014
Wheat,83.5364863854352,20.382991796133567,36.05556060367829,1250.7696492110558,416.4474051903931
Sugarcane,33.211254434044584,39.26830602579744,70.12881354453165,625.4862967991508,399.0334309913417
Corn,25.379882865105923,29.22916232035996,20.88160331929723,1272.771419665079,953.6465755908764
Sugarcane,70.17788979319879,34.674416909030825,42.74564292031617,736.9333249066486,438.61796338729823
Wheat,93.64383902148272,13.975740182255453,40.24073280614556,1177.3931298888729,820.4042373751995
Wheat,60.10866037125368,35.86043446817868,21.15965785505606,1065.7815548409963,514.4974385656633
Corn,61.44514205229099,37.68271571540183,27.462103940030612,1429.1447172116873,311.4032566277632
Sugarcane,35.19811842942558,24.611857564568076,44.81856049511812,887.322517975314,208.57223815628717
Sugarcane,79.25436398727432,28.187588132529324,49.5718750668468,566.1651888344404,635.4058696122006
Corn,26.833937370177104,32.94429402708987,44.25738483529214,519.1554855512529,980.6230548391461
Sugarcane,39.131131276381936,15.245158817812376,51.85626070472563,1326.8585609727531,495.3089550473636
Sugarcane,48.28927947547751,25.07698229390327,55.70790049434089,1024.735637661432,485.7538671944359
Wheat,55.68493408160095,21.959890833169393,20.595429267670138,1275.2440518349492,475.2732942795537
Sugarcane,31.816875917357223,14.391219764867474,47.845709567210235,734.4256000115147,616.4350698438868
Sugarcane,20.335314226528318,21.02603266874594,77.8099544532553,845.0837455132337,552.5319067394348
Corn,64.95580381974693,12.045169281564807,51.14193680777292,530.103872211319,903.9317013816116
Corn,35.97674979162302,10.77435720848461,60.65253604753719,1461.492324574112,604.4166333787923
Rice,62.31143992803511,14.054988674644683,38.71183147501299,1167.8679067008134,606.206270550855
Wheat,23.892644374678206,38.89345334767522,66.43948268916574,1433.2050877593063,310.6972757764453
Sugarcane,53.30260916693357,26.48588607685051,66.3752889125669,765.4964074290724,986.1916327283087
Sugarcane,57.93304892964273,38.974664834596595,51.27776285924834,1111.4636112256608,399.9783126950638
Rice,14.664118314018422,22.97493634990396,78.56082939675281,1178.4999682926377,258.69125396768214
Sugarcane,40.294385037452855,19.35448399255779,27.533012885759202,817.5497002575885,730.5169991801671
Wheat,22.09732092450768,25.18425588520732,21.01685989337486,1348.10923501563,676.2930961254981
Rice,15.703747342549097,23.185350658987304,66.20949270542576,1447.161462900248,532.1165231941966
Wheat,99.09642091509507,13.169940527852317,68.42933224189295,1384.8551176960043,537.7537871045424
Rice,39.01184604772507,29.224789440706186,27.212433747234574,1239.0669759393727,828.0511368371449
Rice,82.88870012691714,16.48114547528799,35.93496997751636,777.4646797249541,356.57011207971925
Corn,32.917658928738746,28.587638646934888,21.053141801997736,781.6160421056318,856.2026551559118
Wheat,71.33524500015363,29.5060327719446,37.598516646833886,1463.3603204460378,718.9976911160145
Sugarcane,78.42050739007179,14.560745593859444,66.38851243512029,510.284495935692,535.1758190236195
Sugarcane,63.60748665470599,11.840488813320045,51.07763166275474,1216.0499732421445,566.4228932670949
Wheat,52.441856969514255,33.422847582053194,40.88573559009728,1206.2461625552623,405.31776574887664
Sugarcane,47.06568227325417,23.794012713079603,42.30435769437982,1122.6895409497974,801.6914661575798
Sugarcane,41.39814398886958,11.744913865164273,20.08121754292809,1490.108846086866,610.2997938442143
Wheat,93.65762298230433,39.84598951509301,37.98803165391415,811.8794357637253,456.68363419987486
Rice,84.75574670089563,11.733416829890999,58.78752449827583,839.9718637932482,676.8400926087602
Wheat,96.85242195998613,30.851056865756597,78.45166662898143,578.9394029465556,996.5875616410584
Rice,21.186750113699027,39.51036775790241,70.82364961903397,942.7981365437374,548.209823725243
Sugarcane,75.77807276832799,17.175403126477768,21.41569787873175,761.0485262348482,936.5531206228957
Sugarcane,94.45064111389341,14.267481060615886,73.91363628049035,843.3867021776442,476.0134719396529
Sugarcane,26.310975954909413,13.641548182672867,66.99190479791756,1334.5717902556275,243.7861655399887
Corn,15.984664063009975,19.098254427027868,66.82256741425883,1435.484513527496,363.3936850947431
Rice,76.70085843610532,13.031374330319402,47.47974554021429,685.7330720051856,534.9561146621473
Corn,61.70258018619207,30.76484025082396,43.88031757727017,872.5089315534658,375.70794287565525
Corn,85.76458990824449,11.868753943901881,38.174943729991554,1428.6305621153942,200.18163057460444
Wheat,22.579513896366056,25.28266384449369,23.941691537261946,561.8084606892227,932.0012301980217
Corn,81.57405806739011,39.9009056155893,33.69412180962195,592.3605281113785,875.1035289847432
Wheat,28.14645880429701,34.41910808518057,34.79621809868148,662.7909892062294,793.8337851895577
Wheat,24.729034857913405,28.456583146930328,49.0446241826121,1095.212834126875,334.2516765168229
Corn,24.783921813789362,19.18760862359835,64.84666439580164,650.4722710059975,296.29086096798886
Rice,83.3117248208244,28.716875088749156,48.428589703876796,1468.0763814507336,254.08379957790652
Rice,69.867749862658,25.81124391734955,23.470666966829636,946.7145272585203,779.223351018337
Rice,57.07588822922074,22.782501516711143,77.46738805929223,1001.5179603501664,943.0463685503082
Rice,42.29474357111523,13.921311302205984,76.56345914564673,746.6586158054065,544.4286567304296
Rice,88.94804867317974,36.598126457214,67.1113725889045,970.9602524347335,295.3125375968385
Corn,45.32005966803718,23.493539464639674,79.47967409385323,1161.9136326370117,609.9142565856853
Corn,83.49394955244193,15.838675354622952,52.66893996801578,1251.177136954043,479.0655259669041
Sugarcane,49.52214177131966,21.03278052631869,77.76610101519236,1253.8680827099129,499.85993947999816
Rice,43.92499864824168,22.42389257586781,24.536302437005048,1077.8911126940884,697.0644993245658
Corn,51.64118071026458,34.82613686700623,41.940844895682275,1404.3597749938572,774.9744906097619
Sugarcane,37.12400867477279,32.00843141684206,33.52287608040595,1317.4078473061095,288.48287909852866
Rice,77.2848442158626,33.07914680924019,31.749985048056203,1257.0481146986253,228.4721846451811
Wheat,55.24483510832312,10.330937932859417,28.448176933560564,555.6055216804606,995.4642421485719
Sugarcane,30.89914256321356,22.484619945392843,57.3448184939598,506.8779622196493,386.1826791324415
Corn,90.96171159471116,24.44032454905971,66.8793113448383,712.4472771954729,243.06441992676724
Wheat,44.55020992358903,10.575768304691701,54.69790396522164,1163.5235939134523,351.900263276736
Wheat,58.919757500258974,17.79439626235103,28.81776257529258,911.1974888825458,231.16627707877137
Wheat,91.58248998680922,32.80869469366405,68.66742619600825,902.4062592993117,513.4487156937373
Sugarcane,66.18141963225929,14.113291171869971,58.15728242982371,1384.5868882296136,841.9214275610594
Corn,20.520823663752765,26.05930394357775,43.28994236761973,1395.5628481318386,472.9955598061765
Wheat,94.58489112521276,16.456056160517125,60.44781773216378,1409.1752640535856,555.3467255026933
Rice,66.4937247764276,10.363623239316798,35.59429875456997,813.8780765150273,740.4694188539511
Wheat,40.14150531913775,17.236043727986242,40.71153250965263,1191.055812739262,607.1152560559042
Wheat,22.53448653970485,39.27621264730161,75.04915058791941,771.6331812743697,889.1565488170594
Sugarcane,81.46226703432664,34.046113356489684,37.43027034028522,690.6098330744499,892.8285400366052
Sugarcane,65.80654803356622,38.787299329631,48.19929608947619,684.6324573473692,207.92855639292293
Corn,58.01149827786894,24.63562131779087,73.40846824376088,842.1076208635941,822.4370451865593
Rice,90.45033247458619,13.292085960325105,62.463281016051646,929.9576197798217,568.5868801933391
Sugarcane,80.97374901020777,26.43878466921079,23.732193569882163,1330.9491710550683,991.0724330429305
Wheat,23.650739175947606,23.631320036798826,28.83818265673822,619.8910934727121,586.5856607003482
Corn,38.05498610159934,35.330712482188474,20.47049544631501,1234.9258473948942,989.516756310638
Wheat,32.36402258330192,12.942477423527338,57.855307413749806,1031.4549141893053,803.6554889645893
Wheat,76.95516633154092,24.647234110653343,46.8604055246251,787.9453426759925,398.88390769064506
Sugarcane,13.017919126220145,14.501459940819528,28.056491054136533,992.8195845328246,630.7159834295662
Corn,61.29007163841849,19.740277806701798,77.47604726340623,799.9420697770227,993.7085115828662
Rice,78.62128171666215,32.12071232163399,51.7795834367372,1096.081955238306,886.0244862015389
Rice,88.90890730855745,24.280543881062997,34.51359764677335,933.8439228552443,277.8935150329769
Sugarcane,40.78735738443167,21.276648554373082,50.03621426928245,664.4055290788788,765.0975974479968
Sugarcane,83.91315742048116,21.83428835710106,60.777219964106465,616.5830745556967,476.4636686966504
Corn,19.95685632596865,23.7834030521796,24.574353078413868,1046.6956820721302,205.5858095042785
Rice,86.18070625610663,33.55049631511171,36.482228902873516,1402.4130332861034,522.7847752215996
Rice,21.47397960987842,36.76254066820703,68.41792945303962,843.9576865576855,387.803537379977
Rice,45.755856150433054,38.66004059511785,47.57989222415968,1233.0001072226232,855.0954164163772
Wheat,81.75658292015983,33.60710158765885,52.794628521937696,1158.661354939767,469.86448707661236
Rice,23.492568461389638,19.462206872440383,45.96896013256816,1431.5549143094809,862.0189551630536
Wheat,30.632625570937734,30.644041182596265,22.633996558580307,1320.9810172991408,200.47835106783626
Corn,75.00273115537597,23.128093721661756,29.944986789209356,1066.605258905463,446.2553200208953
Wheat,74.80328828914669,17.640118661381536,46.73249832451346,1157.0304982341072,392.93217144620957
Corn,67.70328695967676,35.22614738277768,32.551127924475665,1398.386466584035,386.8538888548888
Rice,72.455360002039,11.15279046886975,22.998741719580725,899.5187845869348,254.54929581237016
Rice,58.84519990128366,37.0528597640627,70.61897984310943,826.7947058577774,349.6994163284014
Corn,32.66191530162575,23.844323938742026,78.87155174984696,510.8110836351963,644.439655908496
Sugarcane,41.112639415352746,29.116044304248412,67.58857243980437,1326.551074191464,433.0888582701956
Corn,26.34379451212831,29.78061766617348,71.22709530228002,1300.9807004033648,533.9158258633183
Sugarcane,91.76055052002656,36.85353222119609,34.518627819022726,604.4545181001514,501.4935042777508
Wheat,62.50526152895084,29.10009046501622,77.63761853079198,1076.8573811327,900.7239399999156
Wheat,46.07662750872759,28.418007542801853,31.815542267205704,963.9816981668873,924.2391992084124
Wheat,51.58052232797194,11.999561216820698,77.08578862170994,618.7090955091114,594.365577324688
Rice,95.25550056506339,25.552240658356123,79.68915763795707,1480.5682270607235,464.1247602524835
Wheat,23.801626280447216,14.50507002451125,62.70336834476292,714.6958874633555,285.4405632018909
Sugarcane,62.76068488151175,32.12301306164457,78.86862390750932,567.2341800905612,962.722303505676
Wheat,55.52998109960194,25.366657624380235,54.17238677402622,1094.8473795019095,248.18155592023797
Corn,65.0308811891183,30.4068333762506,35.57250699056542,1238.8666771330327,438.1202220546244
Corn,11.629916543875646,11.250187018071529,46.219753139937254,532.443446047187,438.4529609360033
Rice,88.49115180497364,12.543760481374097,55.61365612272716,1158.7176387270222,456.3210289121719
Corn,93.89064542352511,31.48970164188047,24.384893721620898,1032.2918759514546,331.42947461792744
Sugarcane,60.861986523028804,12.1625300799602,57.340595877034765,603.2650088750484,826.5291447389577
Wheat,72.6985741489203,12.137701832957758,78.87067020573767,672.5238769463621,297.99828957279135
Rice,93.02494430595661,10.363254257046624,31.406458987023658,1067.9742973160805,707.9253273225302
Wheat,73.65147708820587,38.695041948984404,67.555706977303,796.3576135132884,299.07682136465394
Wheat,23.72851386228352,32.12525078377021,74.47392762677717,1438.315728651316,256.42851007436525
Sugarcane,61.86595241501318,20.597542255061924,76.62209556921326,1318.7402294840508,927.5436029487012
Corn,64.60435417445703,18.896067438629657,77.60813626432683,1483.567206513663,352.10301305496455
Corn,48.17176041721474,20.491096892375488,51.287578323288315,759.670838950414,857.0001236477634
Wheat,76.27998120622506,33.239605935435456,78.63847447949021,1469.7236327979772,635.7046968857087
Rice,94.09303132921134,29.841118332112433,65.43861242806634,931.2338697915579,262.2852156870157
Corn,93.30116616160987,15.555867036024038,29.700286174217716,847.5187953137547,964.358553150454
Rice,50.57554342637189,15.22328006002253,48.614006388078195,550.3495269693533,397.56893359351403
Corn,20.19142412566797,12.951869491401919,63.09987052232024,552.7652578596026,887.7162762820852
Rice,98.63570790661011,29.809081591040144,34.840418949145004,1192.0112559466547,335.0480046276514
Sugarcane,85.50082778013407,32.93117986665208,58.436911012933244,957.9289944340279,883.1543057134822
Rice,21.219641308294015,17.95139284975012,59.99602874279715,726.5216260361058,210.5830503242352
Sugarcane,92.87576943556351,10.628348830927385,29.761984628513954,1113.9703063252327,609.4243652555845
Sugarcane,88.29067258559155,12.465150024292821,53.905118747165375,752.8581182501111,815.5540635372455
Rice,56.69542514134649,39.035801045350915,66.29761465871647,1077.6317543444225,947.8364139942266
Sugarcane,63.21478921704363,18.863343324322607,49.933739872156515,859.2087469826904,927.3617089651897
Wheat,45.910243348311724,33.076694435144006,20.726187006566445,1323.5522266118192,855.6998956381159
Sugarcane,14.928547493982819,28.739907065627914,20.54230814475753,1320.6961607667793,910.5530797290432
Corn,40.16775174813108,21.458189189586875,41.42176063820073,977.3503981224013,359.3757486696612
Rice,82.25681037382103,16.170617865866653,75.57164410590693,850.8191093350156,427.34743656938304
Wheat,10.416882070414257,13.641592544782192,33.72060677621653,862.5597965590946,431.1748199368468
Rice,40.014925452202974,28.450389041165998,58.06182133230123,1305.714525668218,501.643144801359
Corn,45.8351824231849,33.23901341913364,33.324552241599235,828.1794827976121,514.656536308151
Corn,58.36560426441306,29.31712760623392,39.300199379572916,709.059373706846,635.6442597237403
Corn,92.78700547714844,25.90906399747475,70.88252537608903,584.6883418753068,327.9038106931531
Sugarcane,41.17113949293651,11.258536702949089,63.73168653619681,966.6931208844085,752.9973310287915
Sugarcane,41.22578817066049,39.05466332783151,25.723956638792636,982.1320989198418,334.0532314436052
Rice,76.37511232987735,33.961425749637236,45.72212125918602,1340.9087104029072,448.246785683638
Rice,50.69961468008265,18.78466110102894,21.750185818715867,721.238696446064,602.6761044849233
Wheat,30.214434064598375,39.39910988076552,48.85340879618054,880.9912736683999,837.1524492187818
Wheat,50.7195564519424,28.056447689089662,59.746040702064086,1308.4057388936908,791.5753865909818
Rice,22.677131834181985,27.472679746217395,27.11015741588909,1323.6236107489735,716.4274851284179
Sugarcane,25.874828785560098,32.44219538288596,37.333096334549936,884.6110759787682,324.6186084641361
Corn,54.853099546553175,34.353093642704124,43.87019753012942,959.1240232866809,637.6362764924622
Rice,47.70329045540931,29.69435821994508,75.17186147936299,803.2858908492829,269.9572014399084
Wheat,92.33613109612901,13.842872390986,79.59530092537784,1432.554878419312,501.8905414373206
Sugarcane,42.61545092049698,20.148025179834953,22.694677939736952,618.6437657415803,530.8132242319673
Rice,62.25295152502391,37.8425092097815,65.66047540972352,1433.74942300147,231.84915155660306
Rice,66.90378591275774,16.738468355315558,42.30344398414059,1183.8664518353432,419.19047957597746
Sugarcane,11.178501092950027,21.165010715125398,43.547491173768805,1031.5721526867312,964.5195738131915
Rice,69.71836348150396,22.96230648832588,65.25589840082137,532.6590607844959,962.9060862637516
Sugarcane,26.02323701827763,23.182149690833565,75.10558592872451,975.5961918220082,481.86164340203146
Corn,96.49632857225096,28.388187474835764,77.0557156701529,907.7481050027322,234.48008715865925
Sugarcane,23.379645497780167,38.29227513234123,54.627355162299246,661.2188119751225,343.2759514625452
Sugarcane,47.316171135432135,17.22078135497515,41.42726955803017,1156.4096035006569,513.7742347468321
Sugarcane,17.681470127077947,13.645041289027542,67.25294515152675,1471.1509073682857,958.2237583753838
Rice,99.71868266613527,15.924114695798119,35.060082995738014,1062.188811064525,312.95925082974793
Rice,55.19755092981183,36.60774700627809,53.84444173001106,1214.7532764439457,810.8126749345698
Sugarcane,63.58465155880394,29.37432437965618,41.51470769149239,568.4504525660168,286.94603149975364
Rice,16.036882964958473,18.577203677174804,59.397864422472566,917.6669958169948,985.0060619130214
Wheat,77.496442335926,34.47840816905852,34.42393477361041,616.3584851644958,505.29319928730797
Wheat,28.891503378602717,35.84109989090308,31.495576744089547,1112.7958355365104,820.1876311192448
Rice,90.82488604966424,35.395430160708344,75.09434520052622,1438.4821582141544,474.0728662489055
Rice,28.462567643380645,37.56779600918664,26.108220976972213,1161.7777324716385,702.135101727047
Sugarcane,27.16189485972999,17.567230605200848,50.3574744640959,576.8030483144215,353.6128677920294
Corn,13.28947010632854,32.65125786238835,33.251166977780535,854.6662049850829,316.81681543757
Rice,52.48602505989993,23.816184918224202,22.335797799540046,1050.6633794408515,950.451311654505
Wheat,60.83570199363548,35.25995658670185,22.161129097485585,903.2077561332521,934.1178223235468
Sugarcane,15.913777548551714,31.854720314848397,30.513306326349642,1333.6440104751723,909.9751521703059
Rice,79.79748550255096,33.293423394991734,72.00622127036002,1314.6710047099891,700.3467601332748
Wheat,50.795995127322485,29.684855130432144,36.9487246386216,1111.8310201032214,846.6145689730226
Wheat,57.195124239482205,15.322863084091207,77.02755023451775,873.4579451327053,255.22954952909993
Corn,49.668647224440534,26.35080756690815,54.897337579351614,755.3363737632442,467.83123351254335
Sugarcane,46.06867547877934,39.54009218573525,46.196851386125964,605.8743182131293,450.962499805725
Sugarcane,60.36762981773961,38.12164199491357,54.80533008016727,854.8976834865541,708.5162575620906
Corn,23.971622133764125,11.29521207391035,51.00190311357606,913.1725172077195,484.7662187765124
Corn,26.3735317445744,14.944444471883113,65.5265752254395,1175.8229251040736,318.8054253149446
Sugarcane,87.56070589121656,13.951863203636858,36.949763958371136,1158.1598242975733,677.173660330835
Sugarcane,95.15039159202695,31.779397299558866,41.183023496018144,570.1081396412569,851.5071365352652
Rice,43.597838465177766,34.53355989570835,73.64565815199504,895.2593154311578,505.69879556797855
Rice,34.367020582919835,16.40534098932016,76.78739078902433,681.778867217362,305.81497207878533
Corn,67.95995889151142,25.175580788554868,73.55349364918847,656.8127053168057,357.35055785025844
Rice,46.78607539882868,35.221090840336004,45.16687963743881,1327.302149737246,389.98664413550716
Wheat,12.284772009431038,31.98404634298752,66.82193018041289,541.9152167162575,439.918074395629
Rice,24.053733762957133,26.26711616475545,48.58014399806593,919.1828759021214,714.2360564050473
Rice,74.43750059626578,27.710430713763188,49.85239112876613,668.2036557665182,680.7563876301751
Wheat,69.30315477191363,25.2508164074884,32.28080654343704,1379.330215678474,756.8638892536313
Corn,12.438639325313513,18.92645353956462,55.467818195510986,1057.0405132750352,490.0015876252105
Wheat,29.97749457396545,26.950659785770483,31.16815386520088,731.3806363768481,859.1981215039826
Rice,30.796731692926425,30.66655906150272,39.89388194403163,1002.4272871663763,363.27012892460823
Corn,70.47034692388556,36.199687475824234,71.3018120971961,1231.4863597031158,575.2325980145231
Rice,11.773948397892774,29.088740619377443,32.424548552651316,1458.1180089194338,840.7509772331442
Wheat,19.369772378611646,32.83364611129474,24.26949711040597,720.446004245419,344.1269181860954
Wheat,81.99244768358705,14.80214904863719,24.140455556768977,1386.181772129345,287.8904909926264
Rice,26.069019584890025,23.846724232593697,76.44707123018648,1434.3041141674903,906.9471741503918
Sugarcane,68.74714970666872,10.279948594812799,50.415226277710076,1416.4205445320663,474.3437302073567
Sugarcane,31.436450294205386,17.40036593564869,44.5647243090211,1135.4143568619097,747.0960999272256
Wheat,18.949725348341065,31.793851453390147,68.6527148604751,1129.8206544347076,220.2788834111508
Wheat,31.88549718995087,39.7542985404809,70.14955567463096,903.2106331838228,752.0375107275597
Sugarcane,75.00402386700932,12.975342987616477,39.93146198693628,1252.3978823037878,452.8810492375764
Sugarcane,87.01268212956572,22.044829475838647,61.617083448427714,1031.2940183509318,244.5926828699534
Rice,84.71978781102925,34.00212906097478,66.2673689511132,1177.4380712282946,687.8502092384936
Rice,45.74651766566093,16.121069038866963,59.27904121195727,928.4579038487955,392.64305285853857
Sugarcane,70.12766229135815,26.65254847906859,29.095704488005964,1231.496464043139,509.445793641504
Rice,28.448586587423886,31.992138880890245,72.55298501102342,1324.471517604549,264.4646498292109
Rice,36.383295723491194,28.47956350780537,52.34567316416052,646.4362566028161,317.73060087595627
Corn,90.67022366690078,15.640742038462484,36.94834558220022,1332.9297155742279,438.381788396675
Rice,11.170173115966243,20.661537060572183,45.513691126261634,1040.2965317903072,271.8076004481257
Wheat,17.695767776902127,33.513753534561914,22.25426542393444,1344.6659090902244,928.6610117490521
Rice,28.70976296314246,26.6267954239605,27.672008073345054,931.3017063410146,204.83763454718274
Rice,12.387898348643773,10.156888406287383,65.93280503095164,879.040485383035,587.0881750914491
Sugarcane,26.329189158081757,32.829722800842816,20.000698085321968,1415.0607325172223,298.5979665060412
Wheat,62.473740487272295,11.059340648207172,44.993949708937535,751.1692675484013,446.1432715823588
Rice,47.92820955332481,32.37201348193696,51.35061086513531,1344.2123252861431,940.8476478546124
Rice,90.34045399692774,16.074416804957124,23.278065200058336,984.0205725094041,329.3556426191895
Corn,83.56992055645968,38.74220440358141,78.38468977833998,1014.0954425512597,972.665855774666
Rice,40.76356165280884,21.038222539062534,33.56751987498032,808.4682814894841,364.6355015915374
Rice,33.34810900881632,19.807948490142373,38.25192317817685,1073.0422006190156,793.2528867734636
Corn,44.17231673505402,14.46664150997334,38.23655073530164,825.2111962762112,637.3418119178493
Sugarcane,63.1265448263327,19.168126464706447,33.824999727040996,539.2694142416523,907.5829820774073
Rice,34.125727674058865,36.29952285484602,20.088429325178684,771.9986053443561,643.1946044025048
Corn,66.17340170642206,39.890030128817415,63.76068764527978,506.37904340659065,627.6473753250469
Wheat,46.84704869721164,21.049285915205452,78.01072998795712,1478.3547870568566,356.36640029471994
Sugarcane,59.68424627667822,23.458318928636277,33.4576089971027,1465.7472098197475,332.98348964132697
Wheat,49.2513876221785,31.66212814608211,59.78283150820535,895.155297472305,933.1913208924113
Wheat,36.50191835877259,36.585873413952235,64.51377961752291,1228.370854339646,462.2705590800273
Corn,95.3607976265941,27.791330025603525,70.90552274543148,845.806098410425,497.66580397031674
Rice,78.72452147437848,21.745770945334883,45.357751820816546,1171.0931570859761,807.8589267427108
Corn,22.61018581898073,22.37865522545871,38.17585433842575,1305.4300430459791,471.0587859382459
Corn,88.16211783081215,30.868544394904205,39.517708041381866,1446.7562446922407,961.6499573112022
Corn,53.86880784245623,10.096547908128361,62.75727998591077,900.212275849672,790.3422151990402
Corn,90.50970042046822,28.58768012379522,69.00676799033816,1283.2979829560477,677.943394058736
Sugarcane,81.98697303525837,20.664790313240722,30.89683806539616,765.9284506321187,904.716128435802
Rice,48.26921540223101,33.82591993831252,42.25646048946591,1490.3323037936484,239.68472667958622
Wheat,12.022237748810566,12.789719194693966,74.116411804949,525.7695987643511,405.650153751367
Wheat,34.180962344645145,27.646068008451714,68.40161118168436,1103.528806501121,572.0290673767279
Rice,58.747079319478026,24.429186696583713,79.09150416574855,1159.5059816513271,381.5828315772168
Wheat,67.01303978435325,29.26976577715682,65.25489558092485,1188.0455570741287,795.1241498417215
Rice,33.20989168898821,11.945607834489051,43.59171206167534,620.387578789089,935.3664248429801
Wheat,22.54204666655417,27.399513622843937,55.438270039678265,1438.5297834731305,539.0160959447387
Corn,85.14372131193691,26.844537638785713,59.66085525483922,681.1832790500828,473.706080089516
Wheat,98.5961962633197,26.819802832485127,24.707348979027437,1122.7534032398412,969.240585710053
Rice,57.312116407241724,28.104629997893646,52.669817546231904,722.676079123085,555.8819462620327
Rice,25.451135726347317,30.294038116790865,62.559249708356575,807.2164170212709,591.2387203594266
Rice,34.50765938674321,34.14966999042309,30.039278240063624,1046.4585417281244,481.31989787352427
Rice,11.655160889272006,18.09462160384643,66.83790304553344,917.1934185645764,927.6387784097107
Rice,92.28689259044491,34.751482305401865,55.0263668308467,660.2256009765063,655.1643866254806
Sugarcane,20.597597460112702,24.94767046790361,77.13330714185568,670.9364024208483,809.7396697453157
Sugarcane,61.88648279628282,12.311748374029936,22.545337892413503,918.1447881627996,849.445374680709
Wheat,34.66496986184854,11.756527877319376,35.919568253328016,1257.2829782755007,473.47923353380656
Rice,59.87602022642141,20.027149560881824,56.09323275798944,1397.9646468477886,546.9554650563041
Wheat,68.62783495166778,33.54690931334403,37.79359473235584,584.1276622593829,878.7774195250117
Rice,84.67676233364814,31.230428042227473,62.86544984427453,893.103907559401,490.6042813406482
Rice,28.577914458454288,33.65844894017219,65.54031695131586,600.2455637228766,835.148106761481
Sugarcane,10.989624579263243,25.51807169324828,26.150957843988465,516.5924806325979,952.7938580595497
Sugarcane,22.319706706192655,23.205969938664715,50.831267852406064,1161.7186826439565,698.5682984544055
Corn,91.00167776632946,14.42357580118852,50.53343333546336,1102.4494419665878,793.3018299615111
Sugarcane,88.65010698062638,19.845782608279347,42.156846212932464,663.0191138148862,844.0778496329079
Corn,63.76717919532775,23.020580985216256,75.97549175418033,733.8128330930641,876.031719117314
Corn,64.0465174390288,12.658012890388516,69.65037919239327,523.7077536445183,516.0426702854368
Corn,69.853300709163,16.618358581336338,61.832562914578205,1334.9472056944037,241.01076734079854
Corn,25.783415076110465,27.946758821912166,62.859598144099856,1474.6905960485515,521.5010169893917
Corn,92.29707513324638,32.0698934271757,47.70296862878715,635.4595367946908,739.0049838272719
Wheat,47.68934724028658,39.95042534178849,75.25967126579455,731.4752137652981,560.2803086246342
Sugarcane,44.48246754245477,37.99339994030673,61.675725635197125,1368.409523946934,799.1705206883188
Corn,56.70259347545538,29.276955986055746,63.73886369934899,1426.4637979561849,485.5859435749311
Rice,14.226937009754954,22.63744159882216,71.70145422724072,919.6273828068104,707.7953128832237
Sugarcane,24.965503188047148,29.08532094124698,36.444295360531456,550.6224722690741,349.13584388317963
Sugarcane,76.42302547837333,33.56954854240696,68.42425423200217,539.3918336928194,799.4955493159655
Corn,17.45188011326138,13.55008572770162,31.714436177389523,1073.9498660690106,636.5567750504207
Wheat,64.28368985197494,22.297146690888646,40.72051713469327,892.895108893179,363.2515108372805
Corn,32.081419871318886,35.19406856906852,40.136627256190565,528.6524275776545,433.5289387982458
Wheat,45.036605263777886,21.51498855799132,78.71152810334843,1083.2523923125568,798.8869668654659
Rice,35.98243630936299,27.156168136815594,71.39223342487561,511.30253658902245,586.0809885292165
Sugarcane,42.01054448184542,27.633080825865946,62.07019169541559,1287.3719581492728,372.8251523144578
Rice,74.71413146658209,15.53428759400918,63.623405696923406,806.4328227033716,973.8169522962381
Wheat,36.74095440608575,20.867063249568652,53.724367664154265,540.2580030092321,772.1000158535103
Wheat,60.976417626720746,20.035338662257963,76.82544002651115,1088.3522209831533,965.7078660318369
Rice,52.84453619791897,10.785901255961944,49.77552517294169,897.6844144330547,541.6840362882746
Wheat,69.73040488263834,10.725752916740657,42.831062592193675,1473.8004133571494,580.0802725533764
Rice,94.31467653922822,34.9509113102732,29.78212021589546,1044.198662503702,918.3641729480154
Sugarcane,75.93148874892253,18.19212429918437,67.17233913566348,775.2391810370083,620.0394721963078
Rice,29.34463407316811,25.542362987164463,64.06663592453549,1209.4388646339748,765.8231295245338
Sugarcane,12.80648215551562,18.961767207663193,43.06130231144809,771.4920025427114,401.73830199642396
Rice,33.60376398698426,38.220377353460215,21.51160483755376,1404.2432914075653,557.3811749621125
Wheat,63.55701376302294,17.778902765973214,70.33983966308065,874.7219705073765,298.7598926482841
Rice,14.628323213582531,22.889704382168052,20.68507900724442,1049.8685627762052,364.78402870156935
Wheat,54.67296224811127,36.181907514538054,62.221986777743055,550.5731038242288,200.75473221410488
Rice,63.71585640252003,35.25800700375426,78.21542658356341,926.1212379522308,231.41204131892817
Rice,40.08195017352647,15.58304253538832,46.259679688892206,1332.363539660995,981.8270585415435
Corn,79.38209833712398,34.079299293871316,34.09840429975716,1305.648805363342,393.88295610940986
Wheat,19.593842782039463,23.74560660213678,62.2922606026029,724.3185588535263,730.6485676032015
Corn,16.762400356222788,24.489066162560654,69.0276885209351,726.0790710105626,871.2797590396892
Wheat,75.5369880583243,14.004399172478314,52.78581896467084,1317.305312213237,640.5283673892513
Corn,54.59421845855786,12.41804541271374,78.02211651536877,1430.3984201693256,322.51560006716494
Sugarcane,71.95621567849625,31.838179209212957,23.100123299477666,595.3609212730036,782.4931498689331
Rice,49.13446047433716,24.893834570658992,50.28773589827169,950.0586394262252,680.2011280796664
Wheat,32.17618299151961,23.105521078455386,63.10723683935301,837.4542789642289,785.0004714779001
Wheat,83.71920859067798,31.8852468595719,71.75842826895074,1370.6884554574394,815.7972982856697
Rice,81.94742910720814,32.96538696973329,30.755336714467404,583.5249146800188,980.3282941477961
Wheat,72.52268237689842,14.767245030080607,68.00020890582088,711.1259425580374,658.850624021368
Wheat,34.49306235069665,28.30675448432924,53.162424543112714,1252.4683375864943,473.3128901524815
Corn,63.12076001821784,14.060622468330566,43.7932209193978,551.2938489812155,718.7716455201896
Wheat,42.48765072460241,32.54125258087137,27.902901714745614,992.5353807142892,254.7525673941009
Sugarcane,18.242386599397072,29.708654688014185,71.91774553453475,942.1070346797201,917.917854657269
Sugarcane,92.55822179160185,38.69843863250374,29.43639249078292,834.4011789887486,295.5048090705574
Rice,22.313676782706526,12.068740490692635,38.58727155254596,894.5723153189238,462.2742703086546
Wheat,95.52136184387221,11.71164163453763,37.40273191774621,1029.940586930233,852.5963045008967
Rice,50.140519566216014,18.465612240796005,72.28484205145125,661.3673583883831,677.8499026645695
Sugarcane,26.66196359547577,17.85117051207718,60.36217965253388,1071.995878283593,514.9084162219536
Wheat,58.77108526405223,17.409363972159994,67.80088383148234,1305.4323292999863,578.7485275000172
Wheat,88.56512522887675,37.1876374156311,35.02807392754994,1260.1609297901591,883.6379145617443
Rice,75.9002397768605,17.486385995485183,57.49244597641994,653.8999046937737,472.00350884791374
Sugarcane,82.59050330753047,18.158491783858928,54.30475898862492,649.249469741474,895.719747849737
Wheat,69.29050300396456,32.78194787253891,69.96982260729627,768.1743677449133,270.5075447813532
Rice,72.30489080660672,23.492195273516202,74.36522362887564,861.0747263410371,821.4387497669046
Sugarcane,86.42760864087873,33.301316708655435,20.729406288643208,908.4555814084827,878.038106443789
Rice,32.470120797326736,11.960984726931557,60.44119514352756,1179.6972168333452,345.454122269871
Corn,54.04824672788264,24.62713581020153,23.11014794718374,556.6804321658354,544.2772258977603
Wheat,29.908849763764202,11.00840800549848,52.931519904641355,534.6727042260663,332.3998197309245
Corn,98.89012071969823,11.879596103660635,37.25796374262069,891.9105629439091,765.2833031953742
Sugarcane,94.9653405717952,37.19312360033233,38.40659597132847,1197.1636921379804,628.2782144493253
Corn,13.54841302316553,14.177361133527855,41.177510207141395,693.4353429564826,708.2586773666568
Corn,73.50176552641196,25.972620468256515,57.277546942976606,1141.5044812562517,357.1895735649689
Sugarcane,93.27234856740992,22.332868078021196,40.042997940126156,759.8281379402995,369.3966896419356
Rice,26.25178106146002,20.42029978776528,63.96194303541682,1386.0861088135164,233.19786040792508
Corn,61.11507074973665,36.99500037061817,44.27164313443218,1395.6899442666165,457.65402815658376
Rice,92.39394678292376,10.654701903264685,24.101192018597516,797.2872042813265,647.7957290669399
Corn,13.055138072721896,29.913690585267673,67.02559054904643,729.9937539632406,886.3479311978631
Rice,72.76782405221559,38.901833026406514,37.14549947556236,911.3039720662313,733.5419579669446
Sugarcane,36.761410663529574,26.805045503855258,45.96601277595576,740.5315851801487,548.3170587198011
Corn,93.19565758388774,38.104673860992754,61.12663299331409,1172.3838432917037,962.4960915153102
Sugarcane,97.39524206488309,11.567736378580713,39.94736942892272,1326.0646845482856,775.3961604606654
Corn,94.98398402020905,22.56379957222484,23.395139368802937,1173.092130911217,944.13216229004
Sugarcane,52.67927949917174,17.804733728861535,42.43526282076881,1324.3504472493496,622.0703786177326
Sugarcane,87.58383858903821,31.924628949421894,76.66691496165821,896.9921622074742,407.12341983451165
Corn,86.00944586815633,39.4389127149174,58.50406383791349,656.3169707088608,242.2613490917776
Corn,38.71904259189301,17.695901873327436,60.28874892003242,1237.9509473975922,780.8678811870803
Corn,84.60239267356096,29.625238044222233,57.93692921825839,860.4745051415539,297.04239840442733
Wheat,13.330687124394336,15.942928982792203,31.93952833756621,1171.2708252291325,442.22010261757373
Rice,63.66428906338477,26.959907637148298,45.10003184613681,770.6439419817657,625.9767263071179
Wheat,30.700795355893273,23.917974600650084,65.0563879017991,581.2296348066727,651.5332702237981
Wheat,20.851019719955094,39.16015988894611,26.082373853189548,1492.5817954877634,680.4665575897088
Sugarcane,16.925788146628825,28.255818180893996,36.671166565382734,656.2015079305993,333.0042642797605
Corn,72.66598982903258,20.485191162604565,36.579146507951215,1488.4209939634811,503.789923857319
Rice,40.58874673912595,13.422873546638002,45.921135655670355,1477.2799325664473,693.7553816935733
Sugarcane,75.22900943758853,14.537404862048037,78.8221244565311,1293.8181039080396,975.8550917070278
Wheat,15.882070671904813,16.759507898537052,24.050152801029316,1159.4229620819974,782.104910159751
Corn,38.37613040475493,17.52899984020894,51.1220596628357,1077.8070502510845,938.0830056751663
Sugarcane,58.55421631378035,35.51848173523413,30.76188092073263,1366.1015453778346,809.7696466513416
Corn,81.16508483550672,26.83668364847575,78.24059272458464,789.439521619488,673.3735751139204
Sugarcane,38.68772526388629,25.701727341230992,26.79821028364785,967.681212484877,353.61869530907563
Corn,66.33022387933082,13.443066156076524,44.21606014169548,1119.3899693665019,733.3485215140105
Wheat,89.73799734125684,35.80419080048305,64.27309909007637,911.1904758694911,698.7036527679256
Rice,65.42768693640741,31.68442909625451,62.27326568164672,927.4864540902679,681.9753363658132
Wheat,30.96635272782704,12.030050857000047,45.363718213635934,830.2846675020844,591.8286943905925
Rice,12.196070340088422,31.23505291689306,40.79145007716309,1064.2318166845362,622.9252831914205
Corn,88.3088986510837,26.30614652027938,43.85674271317224,1350.574528015116,467.55402169448325
Sugarcane,11.914246976534843,12.451760372403347,35.85657578951836,701.5283780063128,615.4501541138425
Wheat,88.72315054157795,23.749019245859692,32.31997632240799,1434.4330387534415,358.0447245427826
Rice,57.60434206244908,24.54088861390141,48.9823818535334,1189.0876537482295,844.1395178883014
Wheat,94.51609286616066,14.973236204898273,36.112025364056436,1323.2732126800302,348.62156375896626
Rice,81.89049121962988,38.37094441000847,37.247699893835005,1056.1906926300117,267.9730319115731
Wheat,99.81406994800037,35.49926114441986,59.405363808473425,1279.5167014240635,548.996821085726
Rice,41.564063390653914,30.07067011987325,78.11223990199353,516.2003973394673,726.6459516048495
Rice,79.04694600380142,23.868866830018217,56.21823203356251,1318.3804247795351,550.1734599468331
Corn,46.1737822248318,22.352966247535257,24.618768023897978,540.1388590853666,421.40330556104686
Rice,53.18880582735179,29.529204014528624,24.535016831244018,1389.9133763628624,646.5369471123527
Corn,66.47549168965331,26.362956082207162,77.08539325073396,1491.9627472386433,477.60186832975995
Rice,88.63094027677049,11.868193176456568,37.83744741844002,794.0674621767778,946.2941521013065
Sugarcane,98.56751222793656,25.37507946310995,25.524019164948527,710.3185562857936,938.1161116828576
Sugarcane,79.14460724780663,34.192108516985186,55.942675229022896,1265.3633638580407,601.8974559776764
Sugarcane,47.59901039506004,23.77719632790874,57.41892669741597,753.0263409202532,462.3071952146068
Rice,47.922130204936316,11.558697326628053,58.91028920712129,1365.5623831722035,789.7059311653113
Corn,76.38240714300024,33.588345981520995,36.04412167145248,602.8425921574767,229.3703547864533
Corn,31.48994311914721,16.04091346407923,20.9066410528685,625.9551963793583,579.815204834921
Rice,19.94267018182552,17.758625046641164,77.9009221672683,1479.1515551006155,469.0587154162668
Sugarcane,41.91599418766989,14.941190602968877,35.05358274146615,1173.8388982700046,936.4287080820437
Sugarcane,35.85150924886736,19.906451946144927,60.56157728315285,1346.8872244289528,209.60242181814604
Corn,36.66773084103911,32.70254517065905,62.39779219272258,824.329377351518,642.2519005746792
Sugarcane,31.024697594491894,25.58157578511812,56.600445024769144,1176.4837495206043,792.5308648533008
Wheat,13.78838706727257,16.146438224521376,38.77444365281889,1094.2418273085973,588.014390019233
Corn,11.608654126007243,36.33490234456123,36.265775225843946,1103.150120122947,268.3224241301773
Sugarcane,98.89501507624284,36.387455648545874,55.86009696216219,1182.5324595377215,977.9691120223217
Corn,48.49958203622761,36.11735275138021,71.9657380167015,1075.3591731290985,614.4083451008784
Wheat,44.58939824437135,17.16388634144618,76.80402373540373,929.062369302666,691.3489954552091
Corn,71.16825544237628,23.537180325429645,26.354348264225457,775.9226943805468,389.28782616600586
Corn,29.642849907855776,39.54968968422625,29.28971675586319,1268.581330913202,586.7984680854431
Corn,95.49650655552028,33.16037428929971,76.68417552698477,726.2724300031862,543.3195935666574
Corn,80.77105129739968,10.815022636766795,64.19211370008756,1192.3543061544142,259.916673601587
Wheat,18.046990208103356,11.956137737814762,72.97962948978639,733.3328226493267,284.92828283797377
Rice,47.58226982064355,23.917941304369982,32.15795804812059,1125.330169954454,869.9780156950196
Corn,89.12064768059483,37.27660617584681,55.25515226656411,1247.078267129029,391.8559617652722
Corn,95.02588200622692,26.161053938581425,62.06837566504842,718.7138889065392,355.96661719890443
Sugarcane,52.06613601248827,24.934375241028707,60.80671312681836,559.9433008613083,603.9291610001114
Corn,65.2070250289637,13.164210998698918,44.48910145200189,630.973742994174,814.9977050900103
Sugarcane,25.03305514828677,29.70340314172882,20.92369350147851,1105.9969672710254,249.55721486319032
Rice,99.20517635232788,34.66309481800677,54.97556340825579,1349.4464062257355,661.4463357106047
Wheat,30.850453124509905,21.412600225226868,35.186092350776526,544.9968212354244,295.3683542724587
Wheat,94.84585967216131,33.26835552775982,47.01525476857342,1234.1512590416462,229.16884066049477
Rice,68.46819840931316,38.93429961702435,77.45486090502904,841.3186459500521,242.19516172977393
Wheat,64.69631153909732,16.112993773830674,43.94211905854608,978.5283699195224,867.3312865667531
Rice,56.141965991485776,25.69988893584224,70.3880963998656,1428.8595498455657,294.37798690244927
Rice,30.760283054598283,18.614138742537264,31.312436344955067,831.9715047358454,236.12109152983356
Rice,25.887522880495744,33.785632571015185,60.34762988150173,965.336933939486,550.3199097143298
Wheat,29.84375881631578,27.327800976434727,78.6204172663366,513.6824147606811,875.1947775536198
Sugarcane,26.779443592982908,29.037472526509113,26.113586052376206,581.5987200048384,409.92670119144157
Rice,80.16260262100779,33.93742478847682,20.49919653363152,758.591591134784,537.3700940207332
Corn,41.51127332500571,21.879114179873646,46.014967557956865,527.8522408210744,231.93802605100097
Wheat,15.205840890705673,37.45270205221129,25.55752898308203,1131.3753260482508,559.2628113079006
Rice,97.21923671267302,25.9908660173842,64.90306098057388,926.3983568016225,662.0904645097069
Rice,89.54072964670831,14.73864468506044,74.87291983091353,1048.145202728022,656.7256430017158
Corn,93.49770548756916,30.876973545064075,46.041258362525525,674.6471858963296,465.9413537394921
Sugarcane,99.54170403817918,33.797840513147634,35.52269852932646,795.9320294366162,452.4265445305084
Sugarcane,25.650572429753858,19.5028503120258,46.06419914039658,1163.824474852725,285.29889514927834
Sugarcane,45.661781701239285,35.71537770996259,63.40686907100006,1465.3027236303997,493.4386565170147
Rice,78.24146281336822,37.18429764297299,20.543249694822258,550.4167736022092,279.59573509837173
Rice,72.6418556248413,18.307134621334267,55.36723936908183,1390.3843208552662,813.2767557696413
Rice,23.850631570586955,39.50564418145666,56.797501093242744,1076.8812013112083,973.0194381985486
Wheat,83.42498124915559,14.221345841462753,58.26129481375613,1063.9195667556237,976.0595653333655
Corn,30.19965146529946,16.0604700520747,34.52132479885263,1000.2785352077603,892.0568795003151
Rice,30.14358533403608,15.526745177140784,62.84316340268761,569.3940859041834,680.6337194716953
Corn,58.32769806040722,36.819691300236116,25.483489179906584,589.8768517361607,760.692557795104
Corn,63.364594135753286,29.628776569748855,31.956220188008047,1100.912005659086,428.16464214433125
Sugarcane,62.20775870540301,14.563128496668186,72.64820279926892,840.9585714355583,704.6163361380966
Wheat,18.233815365797938,23.20970255105047,64.32338904359398,1417.2680665776807,564.519639551902
Rice,88.97147763673424,28.458940752094062,20.824733240680715,906.5905373594723,585.613871821546
Sugarcane,33.90400383298355,12.503922549681498,34.90257562218801,643.2814587026411,806.2212483001264
Sugarcane,21.656342915452377,36.472491052220164,32.864388979589876,1214.718833502036,425.5346844778013
Rice,89.98732718820794,34.108106063246055,36.248379682218356,793.3534214410099,454.4316893556159
Corn,96.0086348406778,25.156203207299146,34.85358621679318,1025.470307355893,939.7134329029093
Sugarcane,87.59148555389055,39.01379845777511,23.751577744570746,1197.83278550517,244.9794358807778
Corn,82.85644672523902,22.53282937825299,47.53643099580922,1400.2641112020704,588.5074387306723
Wheat,68.97177825751196,39.523309571094934,63.964008487169906,1292.1911948016761,930.2406403262894
Corn,59.57716335482254,30.03759996410881,56.403903483046186,1176.361067872724,688.2904062545256
Wheat,17.828808392026914,29.040138197618244,60.372300115884784,1179.6331823951436,637.1256593697057
Corn,46.760789176362884,14.97864685887355,24.86895071217435,1445.9246440320867,399.7953433834842
Sugarcane,43.54196653110826,36.45783274913932,77.08944261060724,795.8240974965361,474.6203912515586
Sugarcane,33.37784053842935,22.824690637618453,70.30951003058149,501.1120941961874,881.6387326437543
Wheat,75.10781023197265,14.867002173474381,68.30541910973976,771.9545593981986,647.3745054147665
Rice,54.628816157089375,10.37822559927277,69.37902830250604,717.891379626744,611.7937550054239
Wheat,17.294159431688314,26.792670509151478,75.96263048796568,1161.8345851139982,279.66377083202315
Wheat,29.81648817548302,25.82198866368029,52.655237966821865,1133.7115997655292,212.8225251640985
Corn,71.49328872936363,31.580608671074756,32.016921072057556,1093.4613827047237,970.9481509496393
Corn,16.851777354127016,36.70774159053406,57.00701647115247,516.2434432094537,501.5889338294733
Wheat,86.60862226438918,12.382197539290885,64.57288962007634,1228.7780544506475,682.5704496796034
Sugarcane,54.56318743125769,31.94489471021087,64.27504360124152,823.5304124854915,263.772058549828
Corn,53.25279195939832,15.622358322927466,51.286941450012804,1165.055989006631,746.4914285784372
Rice,63.31670061935658,35.74531159471492,24.107523160014683,1056.5784285021532,946.0533669647688
Corn,84.22128693326343,34.571905415849685,42.26677630580767,842.7309254279071,660.5322023979357
Corn,41.30282871119738,26.22381264956633,75.24599650780144,634.5762671041077,300.89225790032845
Rice,71.02145373031573,31.307283958699344,55.06693458544556,594.418897660481,665.3772219787813
Wheat,60.9158767596212,19.430503395512453,52.29991659534281,1331.5183331122234,813.0777704837219
Rice,34.03254431524792,24.13503696798444,36.13121086293161,1418.397542081558,525.1332292592149
Wheat,89.07669877196422,34.64910693131415,42.10693519499473,1149.7880467642995,903.8701983531743
Wheat,81.76834194462353,23.777955915196415,73.72076534919016,603.4341148604834,718.9463626858916
Wheat,69.26066511925829,20.733947959763256,59.98778285161014,902.0272168882407,919.399134631362
Rice,86.55235561848177,24.826373417508997,67.24322160513998,1228.9392001051572,698.8042489978698
Wheat,88.05647808638221,34.84747757311655,47.260725384059306,1279.820884010068,305.0303776038594
Sugarcane,73.75266790435313,20.05624142112618,57.81483316736947,618.2186222910886,447.7533688841513
Rice,85.33119955273048,15.212847794072314,34.90301652459245,500.0307188453824,361.4359586019655
Sugarcane,72.77243155023552,31.360420609923423,62.327649817009174,1212.137045880605,927.0611981734899
Wheat,71.21266945842703,34.779346381242455,45.65608002220024,856.5961759862057,808.3200538299861
Corn,65.67502403936659,13.019124355706,46.55273088888474,754.4813316182602,741.1186951280048
Wheat,77.74449756018771,17.19622338267834,58.9593394746129,512.8974697895254,440.77305570529734
Sugarcane,24.274459476376634,14.259159692829817,76.1768372881356,1040.2994067614995,347.2358176401708
Sugarcane,89.27836832790356,20.438242347465,23.840380796517255,1351.1507354259818,805.1608703911295
Rice,88.46591749707088,23.510529367162377,69.48459424082046,1457.631646272588,579.3263567032637
Corn,12.632255473110323,32.464790108899194,37.54298662473158,1065.7449506132893,380.6316417205033
Rice,84.32350755082864,29.534427546450225,46.63516727038267,1014.4613277398942,693.2975825322201
Sugarcane,21.598288072610067,28.627857024352934,21.31479972650054,585.0563854892412,232.26708171076157
Wheat,40.16069688332277,20.571248398289633,38.06276467005878,1048.8728015425997,460.9362033026028
Corn,76.9157430662447,35.2434265925428,50.15787455780783,879.9790789653946,574.8455956729077
Wheat,24.46839064434774,24.138615021944936,23.37056464084634,1107.1352808835768,318.3666672875247
Wheat,83.6170321707156,39.37314814045463,49.46574376298991,888.7263478765467,987.7235820726717
Corn,84.89207601619677,29.024264148872106,75.62663773150564,740.2991234503668,367.2778916716914
Rice,55.67209603847526,13.787942246935081,26.323593086468314,594.9652752283765,304.28250403461243
Wheat,10.574728454515022,30.28532686226302,65.86644368453025,814.9184445888957,362.82789910951715
Sugarcane,35.83343198574215,19.753120462950967,44.58026320255956,596.6448342877522,815.2489065277794
Wheat,65.5234226538168,30.589815900582924,59.31042287146028,676.896950823984,540.4045274174742
Corn,98.30675602246811,12.089234444872172,35.614195879113765,1487.336158579546,652.3327518020304
Corn,66.86321743150015,15.246443115278781,29.5695357524815,944.1035569066187,216.8073255890886
Corn,33.38232229577439,35.67211776717359,29.627756856273585,1031.8717665050167,227.54504685865163
Rice,67.06051327896502,16.815386710705447,24.22951673858868,1373.6185287372155,556.660439861613
Wheat,58.59868417442699,35.111233757288204,31.13880229407458,1495.5689004906878,853.3241945612988
Rice,80.18608556360293,18.37828265363231,59.8531630993381,1082.7144493446815,908.1911029660522
Rice,19.628257494426258,29.286457301761228,72.90143671061048,1312.4738210441717,269.3652540765122
Corn,78.49251122518253,30.82451720529493,68.84754113546971,826.9410243366752,630.6904816808183
Corn,58.71399208084993,25.379642594351587,61.10805859246904,805.7439574472911,930.5837490234164
Rice,96.66928034730952,19.15932030090194,26.62591180466616,902.7037209945602,510.3782035183091
Wheat,40.76849494348175,16.379331291132885,37.35124677775699,1172.5072626736492,863.6526651426949
Sugarcane,66.93597038205533,10.995680636872788,38.58841251934814,1182.1916892550987,306.95652351954897
Rice,93.88252949590157,19.118392037221714,34.997416783857275,815.2394346494508,948.315591734239
Wheat,19.225875519161132,29.59488371593849,50.900339582583385,633.2099241366287,801.1386540250421
Corn,94.3505638512806,38.14914455345448,52.13322889278035,1132.3962564655085,953.0675142295213
Corn,71.9097150070732,36.136134467891566,41.41315851026661,628.3258621887645,741.2937868420051
Wheat,16.10533531946547,32.98194329605908,41.22734952418616,1078.49250822933,490.7231455995416
Sugarcane,37.086721025213464,33.653420297598956,69.71333587436487,1193.422128056309,950.544938019778
Corn,73.73548797807534,29.94954710427986,67.35757089918113,1200.6114963944515,420.4534210473428
Corn,16.061554132189453,17.80860572698009,38.46774990084474,1253.4721106595966,465.73801764938605
Corn,62.39534141586459,37.21585092117489,74.82730663239556,1372.8594215656644,760.6467344013922
Wheat,41.129475125766106,30.121969357175022,77.16890102015037,999.9589919647884,812.253039620309
Rice,65.88239659907293,26.8132189294132,39.60455252180245,1230.2491895295711,943.522787079323
Corn,14.116783043126157,13.329684076404433,41.26549692758329,1119.1727353658366,363.84192724496756
Rice,88.43831255371387,23.411666314192765,50.33804920531753,686.6399397976826,838.3984281753792
Sugarcane,97.61400722596572,23.81074813605779,76.46724875202041,525.6896448694082,790.8368427175708
Corn,97.19900697571224,35.936908285680104,72.57916598853869,784.5413856769337,251.0356450028783
Corn,77.46866485686323,26.399446605633653,26.154077755015386,943.0337063376194,509.77851296816556
Sugarcane,21.70776161175688,21.412016469112288,43.56384459628497,1117.1059444286561,426.21236564807884
Corn,78.24368763361203,39.30400985531978,53.20227138498631,1349.9593305032054,443.59233948322435
Rice,12.212822481292136,13.32161779978947,50.1879483530924,696.2457167061657,986.3575036437607
Wheat,11.991119637609753,22.676452849358338,31.63178407621356,625.5497898984771,714.2219307839423
Rice,39.12491972345872,11.260740255142158,71.52900627008928,1463.4799474743277,774.1409262347996
Wheat,53.977887136419916,32.19712362300791,60.61644697981024,608.044559376407,981.2941098520073
Wheat,79.33666760270138,37.54229656597452,70.27450249110822,978.4910701071892,501.76142596611095
Rice,71.49658389458547,18.401119886514685,71.52585676096834,1085.5637287933018,841.4721347622448
Rice,50.13124357390735,35.75025030397363,64.90135121994439,1041.3744209074382,547.6247706435963
Rice,34.62639996534993,18.766546913856935,46.35263607498304,586.0321570329432,895.6269374519838
Rice,99.74120501419401,37.32310484931746,56.632805300925476,557.0269140036194,344.52603304904255
Sugarcane,48.356317201237566,32.61885710790352,29.62192436718459,605.4834274610357,958.1489416514237
Corn,50.62483218967079,34.14720330524316,60.41872504849446,1085.5876838726126,375.01736672870373
Wheat,24.726143907250226,10.540196668013635,30.755195344356846,1044.3448876343211,460.97640558474524
Rice,81.53285938749364,38.88431071222078,61.63697543060941,733.7407920367442,804.9537872854244
Rice,72.43140032033398,31.800129762109698,33.775889645238124,1137.7741418455917,515.0041132523254
Rice,29.869265150988436,19.142532861584,27.0530780090132,1320.0675020556494,686.5691014131573
Sugarcane,17.414294105425842,34.88183994576541,29.917069408577447,541.5789598465938,555.6588008555427
Rice,71.24493718672417,18.445635952447898,20.119528113144217,998.1299435480424,793.8959496718255
Rice,68.90600928530216,36.18261518698384,63.12437707121182,1189.3104121026904,382.6650018948887
Rice,34.59335742983884,13.37741171235811,63.94406294350274,752.311927069687,246.7663897895016
Corn,95.57772060253693,31.110579323823874,50.89600099479557,807.7709052931491,439.943517978453
Sugarcane,23.59521026028102,26.22095429934731,29.68176806332302,1113.6379029893837,579.4469318947442
Rice,48.91013209383417,12.896034105863224,25.013260250641384,1397.935293443737,334.41604175414284
Wheat,94.9254328150839,17.25681484776517,21.14773798623722,1309.9244203028993,483.83783172511096
Wheat,47.775458523351006,10.372121088319444,29.94489061791324,1083.1302190995834,519.9864146348548
Wheat,67.4673352897677,24.063038963935174,73.45133209898881,1230.2217177572493,245.91347495061882
Sugarcane,45.78349581665149,19.03795782280001,34.4922105021009,864.8224702077987,666.6457985473637
Sugarcane,34.67936821138031,27.950724528932763,41.25627963303294,1140.9655280987577,907.47474237703
Wheat,98.55798831638454,18.917134231258515,26.32072906887999,966.181591127557,321.3943303624419
Rice,46.84006056835387,18.99757334520954,33.34167828489022,689.9361364575609,678.2464107212112
Sugarcane,90.4689283311221,32.2957959619481,51.15347424681231,1201.7382738772571,731.791363928677
Wheat,30.695914530197758,11.444285079350603,56.46516098573915,1056.4646373488222,535.4677443354307
Wheat,29.1794233622575,37.08684985575962,34.72113884997266,858.6215819535914,760.878069891416
Rice,12.802067459606022,35.567916231735445,23.463929553507032,1411.3391900786307,528.5852347928096
Corn,68.65001428382965,30.034140496792194,43.46197214764392,520.9341178267333,603.709830381948
Sugarcane,43.1673709351385,27.796647103221527,34.05220225558005,815.773151249496,205.88243564354158
Rice,87.79224248556733,36.76907494418957,33.17323539378812,556.8813977776465,753.376091307751
Wheat,52.588891602240146,15.559905385861434,77.59176816280731,1266.5273162216272,729.0741431557796
Wheat,97.13740851232495,12.369074865724858,56.978029155543446,1202.1074541137928,230.72070186107564
Rice,26.697296413280903,17.185305097286143,53.412706590325755,831.352218736317,494.6000859161065
Sugarcane,88.17608511600497,33.83734836100571,44.94650621139932,1175.6629022070729,983.2254726333339
Corn,79.89371675125676,11.0401080017945,45.73666000580866,895.9372261959498,536.5892500548935
Corn,79.38296601796468,27.484205052504688,52.45430023028485,1256.2537914224345,601.5563241054733
Wheat,86.03049053051988,39.8631254857393,61.78578842216643,954.1836627367061,927.9441265277749
Sugarcane,78.4921591848699,35.670882815126184,62.128765770909766,912.2797278316656,773.8095006926051
Corn,66.35982894682738,25.643370671307686,30.301634462326973,1434.729915488301,665.6561048993789
Sugarcane,21.81203899141488,11.909227278599271,50.00676512459762,750.8790998907002,838.243745072858
Sugarcane,12.927356154212672,34.94120543157129,44.71748570204612,620.4473399965655,891.4930131647786
Wheat,92.87630630341182,27.969355245316315,72.23161797616305,1084.543113259458,565.5104573898135
Corn,65.49852830686643,13.447989911787005,57.885135273102584,1469.321812284179,580.0866919454684
Rice,81.68835618785587,12.815718544700687,51.95024398495891,877.8392137271867,508.84074852146864
Wheat,53.3370116361295,37.28880458309777,26.923678530735042,562.0367636287815,973.3649120147685
Corn,20.557737006615504,30.076007888142353,56.33827335940469,839.3052673095674,757.7330034322803
Corn,21.26672129822954,34.87860397950267,27.032234340814007,1005.9316543195584,266.5784529664578
Corn,71.70087585060742,36.36936700846802,40.232394533945126,661.9230066322137,890.3676986504148
Corn,48.72753054095164,27.153170561449667,28.57051788885991,1158.102218056492,584.4479526690145
Corn,28.047225403030303,25.523390552651236,61.524418821462135,1497.7493890102005,255.00312513798997
Sugarcane,54.24350920672932,22.912822309629703,32.37512683016916,951.7394759814438,639.7738041306488
Wheat,15.778804336762068,19.50839763373358,43.51156239128156,854.7285567302126,533.7314231805617
Sugarcane,62.37742617229589,23.037878825761354,73.74048665712672,900.7041668344666,902.1995238901
Rice,34.209406399158794,33.21638967190469,32.25898300393822,615.1461783952011,363.19568288750986
Corn,81.78031905734693,28.057702930453946,50.46830383752675,1383.2736014262236,861.1716875937464
Wheat,37.932576303121635,36.775698698645385,45.15629966996132,914.825655521352,646.1509529483621
Corn,50.969813417362104,23.301400431375633,21.087442462743784,887.2744114248413,243.68824257077523
Wheat,11.045848591729058,28.212687361562622,67.56548681436877,1159.6902729304743,977.4762410603877
Sugarcane,16.5202199015103,28.93922659275966,24.142754378875985,942.0334209311236,610.0921952825599
Wheat,45.32442007660163,27.750914869189767,48.45530125861721,1148.233468807846,432.701483385266
Rice,53.19449512454111,31.07901319256549,53.640697696337,561.4462901307875,575.5254735914065
Rice,64.00184933073734,17.123004051244187,57.705587396875224,1313.7233437222276,886.2862268139912
Wheat,36.24963208383729,25.370913326373717,61.31789775847253,1440.5039528794027,443.9224995080508
Wheat,72.54836975138883,13.12674408425043,35.196343011362906,1148.7653861593858,354.1411171893602
Wheat,87.41101574702842,21.535339829344377,20.59872659950696,1454.5659288588108,303.2569975447052
Wheat,80.18658900040148,24.63001205863793,63.40661974129472,651.4323143699633,438.287518712169
Rice,13.565694281352144,29.566727786364176,52.13939596085471,977.4161894803538,824.0384696320348
Corn,53.24562525320461,38.5159315775861,70.16706219243493,1101.8067339454474,577.3010921562093
Wheat,19.44371605763574,28.019531996450677,69.28330177404166,1081.7366474211867,381.985282954832
Wheat,31.78405142762747,32.307817485296795,70.59957006727299,901.4617790890433,332.9479996877993
Rice,98.79963339404318,25.187981784856085,49.10567959877241,838.0844093662614,466.1835812083033
Rice,22.824598861136188,29.02312094128994,40.017703750211936,626.8240225504188,951.9394983085671
Sugarcane,54.899933810622045,12.127966484013204,67.4934921554822,891.7424505622782,474.4213700720195
Wheat,65.63401608863072,17.63174742525541,47.07764678175529,662.6608151054852,990.4992607637083
Sugarcane,73.22184734896936,20.855592796154163,31.00653178420607,1234.3656764922184,588.184364612285
Rice,60.36838151382227,24.174800650195408,71.29844117368846,708.83093549459,343.33113463212067
Rice,10.87937626772653,11.369462365071513,72.95359260634083,558.5653052845339,912.9120734348076
Corn,39.38151774195927,14.20072292659953,47.97858536841021,1052.3661378172342,568.2842985078615
Wheat,56.59404790462403,18.30442923373917,24.541983638587247,1095.2297327194015,767.7370748036195
Sugarcane,17.907984923035002,39.14598072703152,43.269565395015874,1371.9130612805056,986.9692665673214
Rice,41.55642380882627,19.940410213091525,68.2122595677562,1076.9816124176818,240.1402802559792
Rice,12.98827979122299,24.461231743362475,74.10644171277372,845.4808537234458,277.3556478300537
Sugarcane,17.072064743951866,15.882931382151789,32.20836454985575,1303.0118815263204,776.3653931702049
Corn,45.72309485814365,28.32340213227305,24.018416721516292,1040.278893187421,425.46000263637757
Rice,21.94441786387543,18.42049646547923,72.64102718797032,579.2802846311918,347.44111756007925
Wheat,61.07867634354023,16.209777353152802,43.364296338732515,1065.8505603132467,231.4895038557836
Rice,72.05184722235391,25.497178853379374,52.505657856053794,1408.0185454216623,217.47736958896144
Wheat,82.05280291981745,10.165173974812625,78.08394872304554,896.3126254982205,819.5884824958327
Sugarcane,28.01352198203291,10.22992097947676,23.99388367485337,796.3258018998001,307.54674189564
Wheat,25.07343240331628,16.572064273055734,58.89908044712573,643.4694570180201,574.1764927769207
Sugarcane,19.411105630096024,11.101640875024634,24.446325354492025,651.4455219353573,684.7174521435863
Wheat,67.2787224589273,13.24077262392074,42.52813570799002,932.7714843418189,542.681440455077
Sugarcane,73.5828153838211,20.165819480162547,68.22887271160681,1095.6798241615295,221.68532186898648
Wheat,12.842753034307783,34.07757038739439,46.00833396533807,580.6154051696018,826.8012020703271
Corn,94.25910216193208,27.161459301079024,79.83094123417703,1439.5685890251657,208.41057963332278
Wheat,14.677415528632517,25.38003177869249,53.54355709679613,1255.1336174451958,809.5119155019872
Wheat,58.71667017709634,18.80466469624365,39.269729158157205,1086.6239182836625,914.6435950304982
Corn,73.81544675058248,37.95261158298449,33.20667955428519,1328.438670938991,546.2719368457379
Rice,88.3872211371477,21.91045123711575,41.03123205716971,580.1867568121133,628.4339784782386
Rice,74.2678238919185,12.612783003873144,42.35199642557305,976.8388777331244,581.586714094123
Wheat,82.15552747628126,28.511995483534037,24.122820663437658,1130.0931268616634,511.36689489875107
Corn,40.55051732885255,13.415151804298041,42.174451965606394,1328.6529061182891,909.9396282962882
Wheat,83.3342602371861,20.35669428405076,47.85431118435349,1283.4695600492678,915.1468085359924
Sugarcane,17.210336174620764,25.222358161534267,63.36426513432828,777.0692497133996,468.65309171322764
Sugarcane,90.53349904544748,36.22667574055527,59.40376908329648,1440.8801695592042,692.0558032117584
Wheat,59.28331385383626,24.80639741020356,62.525939313749255,624.3458414308703,941.5260497166913
Rice,83.55679929662443,31.06776298094993,20.501820912611425,1375.133618621152,969.6467991530812
Rice,50.70864560664701,39.78450516997211,33.06004397483216,1470.9402496046187,607.1672323376381
Wheat,67.92199256768725,13.944673596939449,59.70105730399139,677.1535232226256,562.2598442274614
Wheat,57.37623948425019,18.241945765585584,49.03936209078483,1222.0660642037851,422.9554527428206
Sugarcane,75.84305695797987,21.837282267929393,20.318808540100758,540.2855187779985,967.097498552328
Rice,17.34669838275306,22.65484535616494,68.26967854590934,905.422825139155,314.2514435782939
Wheat,15.431687559150742,22.33063225796637,66.36857439742025,1016.2832991976741,663.8636608381801
Sugarcane,32.23929106091318,37.22833007669665,52.90514977961376,1080.645225909634,426.0402140149111
Rice,24.359021210186953,31.420979334005693,23.987799546576326,1435.9372482485596,423.2066322782373
Corn,88.46052099329815,28.237156422721114,65.99090297195508,1172.2506872941947,523.9748699009508
Sugarcane,29.72925886222399,19.281181535883462,55.02281526388184,981.277951219237,999.0343486525236
Rice,97.82787302372182,34.71371152663884,66.91759862947755,1309.6750362658893,243.97304547185766
Rice,40.320621259399616,38.65181534454967,65.10481954375042,1450.532820954409,662.8334545628252
Sugarcane,26.390612411982936,34.6359484765068,68.18012431747023,522.0661486822909,266.0577264282217
Corn,81.07286564282312,10.046953155744188,51.08048398427749,1482.5212722560386,323.61666399241517
Sugarcane,69.28369979507886,29.09204110550221,28.4194710916109,586.1321390636804,551.6503534183189
Rice,54.837614480782506,11.534061443263022,60.26944840278132,1314.3867792687613,608.368105077153
Wheat,59.982719584386814,17.728216610011657,57.228427103118236,780.3347525514125,407.0339266916192
Wheat,74.72816004450374,11.785741010433151,64.53519123194523,632.1796577538718,453.16570469953297
Sugarcane,30.560926719816884,28.11386358848163,30.19286036304412,939.8556397138349,269.57361620474643
Rice,99.67005244510678,30.597697404778202,31.698511994017352,1143.9565794476134,442.5758270754004
Wheat,97.73138459321048,13.434629141977155,73.42457103315971,880.951845023475,973.2467515044352
Rice,68.52931177122431,21.515166491349383,64.99866790712426,554.565408282699,955.7659053379854
Sugarcane,27.958820583623062,23.687095268666262,74.49370932201938,1099.4611396587165,467.902632109588
Wheat,71.22054181881622,21.071590652827496,65.52291926983524,1402.4032761106746,656.6831490230093
Rice,16.497856808125825,13.63075001455579,55.82931835941811,883.2153659472517,927.6763128887554
Wheat,12.758725198522546,22.568433705624262,59.24796422167242,716.332777630827,204.94705811271734
Sugarcane,33.19145996600923,32.535341434252544,73.3476754364006,942.5773459328154,848.5468562700735
Rice,51.636066106538465,12.130229935997665,54.72840527071643,548.3627110487809,958.6956422311351
Wheat,88.14452548675425,12.405400422457102,57.94347945970324,1320.4875844802748,273.0605874668456
Sugarcane,75.44521627896772,20.643138755079526,29.388602960216033,1326.3408109501868,329.15814882633686
Wheat,76.84358690799829,38.25177134856775,48.43527320696616,1088.0004634296283,968.5970422170843
Wheat,48.29440010032678,30.05717940168742,62.98382671748594,853.1028889383895,630.032114912277
Corn,41.13414932922666,30.360098700176945,36.25656189898193,1299.7833644457833,211.35730757737895
Corn,43.393488668614246,20.857599725135948,32.13525083147209,1054.6870247883671,406.1055990108233
Sugarcane,98.88846073624521,27.809823736256153,38.82960849346493,1325.9323085500162,559.9549394150877
Corn,13.609827227123423,10.303935520832301,34.49003767957001,1131.4587925830206,754.3271288198141
Sugarcane,88.03283465102037,29.082881392286268,32.894758222183754,1284.4054732127975,786.5283025094396
Corn,62.080786771515406,37.3986084272871,45.491050572085214,1098.5629932177599,996.3372103403649
Wheat,49.47538772706314,28.377204050344574,74.47031083301204,914.1410682156662,430.0089595070072
Sugarcane,75.27318943736229,36.210957803990354,50.4235788043231,1457.9458599261375,630.5760814947802
Sugarcane,53.80020472822326,31.719191663982816,31.275222848919384,1041.1138248788448,626.658838287684
Wheat,88.60809142734945,13.616752492110708,24.618300162852442,1105.0895185405384,524.51620755779
Sugarcane,91.06316776101326,37.073599218575254,61.769368708275515,720.4876394147493,335.32951507393614
Sugarcane,47.95488341861099,11.993315330673246,42.967925866183265,1125.6507894272763,981.965250547074
Corn,34.914501751154646,26.019024176432914,69.30985679512156,1071.607649482944,882.6537493332688
Sugarcane,63.3115295734026,14.26411371380373,59.57064611844621,684.838397947025,598.6664226353898
Rice,92.11270110550218,10.351198321927122,67.77448703248211,559.5870973531437,682.5963381472238
Wheat,28.95959701050999,22.66102780382917,36.316762365106925,1104.3593197147711,381.8088428477298
Corn,66.06699252071346,18.851221229624688,61.54153534766349,1263.6922693503207,635.0296563133975
Corn,66.84041980832686,24.58001481392809,35.84371908162313,1023.4013709220083,755.9761064971807
Rice,75.98017201737528,27.315996602036524,76.3441087670175,726.7726253196457,612.1336227092711
Wheat,21.841091661453383,11.31217216926842,58.18245689200246,1166.521976693035,992.228136467953
Wheat,74.42424682138797,13.69009885371237,39.470708010520525,580.1057266096022,689.073324998181
Corn,91.81292685990769,26.75927189351276,36.17071173753636,941.8337048019546,496.77897007373525
Sugarcane,26.171479798321776,20.295020595179746,31.45559510429861,663.3667583984202,817.7216220926705
Corn,31.378899243148986,31.87520462648344,61.678457533623664,684.4590510598833,336.3700092653136
Wheat,97.42555846374756,29.56874945775819,33.12293677987564,702.2939491582036,507.61265096501324
Rice,26.28792574385408,35.368130889697206,55.71819595564934,886.7070570439779,477.56716030206866
Corn,86.89465840326213,30.77478480007676,35.878101615521445,551.1502056203976,545.4456760862217
Wheat,54.30500708032313,22.897932321704445,59.71813668763212,897.7934409290982,825.423860742981
Corn,32.25079669628593,30.188998671832973,68.89638371243235,1011.7074471147009,587.3384257307259
Sugarcane,88.36749111452603,18.261435227662556,66.68151458867919,983.2942849663252,835.2115602127702
Corn,50.077472950239894,19.18940496334638,65.6510798558469,882.7841004030406,661.1911225118927
Corn,56.333561853672116,33.6695547976238,31.263344341535124,1339.1466080707523,473.6555477260443
Wheat,42.33100324597891,23.392585492047466,25.303096819071122,645.3266924205041,847.9829949467779
Wheat,63.36557662914347,33.951410215550574,61.93692970924314,1005.6967437813739,390.63173644247325
Wheat,24.717148532652047,34.67267121004835,42.10083282766108,562.0414169565543,379.5063838398364
Corn,45.197338298658465,35.72687012983852,45.94077358420084,571.1556788779097,603.6023392438686
Sugarcane,97.24710901017588,37.49905707523622,21.868945567603465,1073.8658496770963,408.67939676967114
Rice,33.23200894310148,22.929556615398887,35.574586956502955,1066.0184248878209,207.26962796097305
Rice,69.1062998087163,19.566004549634165,22.02058423246784,1378.033512844457,718.6380218390412
Wheat,39.267105780222536,27.465962397823414,72.75114635607486,1057.8736756600733,608.8750571779184
Wheat,79.61258131179406,21.135172703128827,34.60380099311183,1459.7910204048503,556.4142515945289
Corn,21.778629464651484,28.03222500400699,53.44023017438048,548.6948483999298,973.5748116946522
Rice,97.28389405706902,31.16757587931474,22.338759239667823,598.0076847807411,656.959347170331
Wheat,50.841058724527535,30.652150554764106,60.01084347833948,544.0658615703813,890.7452622315076
Sugarcane,31.244541701181756,21.23658661060364,39.38164074524563,685.27685033354,311.56018896412814
Sugarcane,16.614707259701138,15.005806050962585,73.87515121745994,1041.270110941678,655.3651705035422
Wheat,25.27821145787867,22.915880153866226,73.28709133604215,1145.572181427428,894.3837013847224
Wheat,56.77965537004159,14.277824322457262,39.51743710170487,545.5851579486688,666.4846058239184
Rice,40.33028587881577,36.70291105551425,74.05765374142808,1445.9708898455992,774.4113425016012
Rice,84.59950292943485,20.376323822135724,79.76946040992672,1342.165376650381,497.6348542497659
Corn,48.779877129562536,14.633792416699713,69.52493984743688,796.6124821570932,273.9596136296533
Rice,32.384284532886696,10.763432797172527,70.69228086531373,577.187530226468,566.3202361016572
Sugarcane,65.5430487943627,29.374671588594527,34.940524166545394,669.8870732190572,515.583512671086
Sugarcane,73.60994951969013,29.1070695236423,54.60214393146538,626.9444137549726,893.6481459031579
Wheat,25.033771711085485,20.21812499743875,24.03535483804207,623.2837792989469,395.1962418819778
Rice,25.08572946594859,12.15135666542953,25.695076209300183,1018.561688665734,973.3873820280864
Corn,13.300428424018868,22.288866846856962,79.93355672199743,745.8474424934003,966.5104958435969
Sugarcane,76.27618135590765,19.336524851901807,39.598354965554655,858.1397165291444,398.10531445715094
Sugarcane,69.74240748596246,30.313619192050282,64.89103472293078,1489.5053333843225,478.4415643818564
Corn,52.71677881748325,28.173377483580712,68.39990318160899,1184.3142489253446,916.4445926991081
Corn,85.97534040722775,20.9378118459262,71.48139626043375,1448.9806670470014,973.297776716886
Sugarcane,82.51031376550479,16.5367766276497,79.85769784412939,642.5565550331156,554.7512822688352
Sugarcane,62.6818927957077,39.64107898466776,34.48978911541207,882.1394748325692,456.79763651271827
Corn,88.14441524619328,23.620048635883446,22.42104961158198,1054.7318032823541,620.8752106012337
Sugarcane,28.52570890330914,30.64822707340711,44.67149107967516,576.758061888738,750.2153650925878
Wheat,20.072765745795508,14.216589027350823,27.804840189736815,504.18744362795786,418.77961229998385
Wheat,34.277465036529065,24.567690989781934,21.345553349723307,1170.4343337969176,789.1785396952582
Corn,15.137817048038336,10.826101596083964,41.625609628489165,1141.8195168014354,241.3258856917128
Rice,57.80525752009288,25.1636535373135,67.02429506451418,910.7888099996118,239.43559421153316
Corn,94.29451230654654,38.92052221353107,53.97084147350425,989.6440760320327,509.0301641164362
Corn,13.540918660165868,21.526201389574005,38.76667935262124,915.4430005920897,482.77855364857646
Rice,20.989892260902412,11.169880377247347,59.260520329563185,524.0050448448889,452.50657229372183
Rice,50.697912545509176,10.928673727580305,33.92109081852864,835.3716062174624,592.815810135128
Rice,94.04875157751144,21.639602798406084,20.8628867643251,677.0822553972898,456.586865849257
Wheat,38.45404944790755,14.800748093895821,65.86120318618563,598.4241891013687,353.80633477447356
Sugarcane,55.65113278195532,10.700562889845578,57.42458509184055,1456.7204338893498,447.57563927088074
Wheat,13.741557314535289,32.68640841850531,65.7381574700576,1099.3597250421656,979.923418248188
Sugarcane,23.350888086587997,23.75569026645672,22.336281001259938,1228.6562842366027,528.8907335958788
Wheat,98.79671106629623,18.677343159179635,70.22717766983914,815.3637432661175,555.7702214866686
Sugarcane,96.86068267924409,37.002495490494425,57.1715720021782,893.1471294940152,661.2359919609121
Wheat,10.444598284096866,13.484168806015768,53.80372104275841,736.9239938967235,986.6726147313813
Rice,95.6630606880915,38.67756486865957,57.47684288687189,596.9656709654248,393.2810211486104
Corn,67.52079440339503,19.419001521320585,71.86599481210185,679.0316374415838,745.025688425947
Wheat,88.112646506802,36.65211016926044,55.216190393534426,1297.5140452964858,772.7877548333793
Sugarcane,50.92658700704732,28.088286294383845,54.85702279329076,1177.5458051837759,685.8595334344527
Rice,56.40364257213252,34.80122079224462,79.44074942394595,1046.928875985477,270.86267170931524
Wheat,53.99619222312282,39.52039489631393,65.40381002411408,975.089872866768,741.4978206620611
Wheat,70.01778317914939,18.65216313456237,46.53762832706812,1422.4342836561245,251.2757688289404
Rice,22.568612928068163,38.83406456222779,62.443820001975666,572.7349477786684,676.9141196399175
Wheat,12.697623088541015,21.68445684707261,43.353828301507306,780.600813237916,791.6649417773941
Corn,37.713694743207185,21.565357142107672,33.73252774900994,849.937853570714,368.77591249596037
Wheat,73.4212686462982,20.21161312763517,55.811112613265564,1282.4258122127878,873.2976060342193
Corn,28.166810691065354,26.242228220427556,75.69092588683708,1492.5146201619714,224.28304442640342
Corn,70.60891899924256,14.624351295354613,75.74837120092776,740.6705147571531,875.0502909266448
Rice,97.29208414965434,26.611344560740335,40.51431668632942,1374.3073341370805,568.263240514212
Wheat,18.451064421047654,26.25114437230012,51.6606479733017,1330.6227604317914,374.07035194531556
Rice,70.53419064026136,32.8570543781461,32.69815391419167,724.6573976417666,307.0225159951744
Wheat,49.93751973741141,35.00949885812757,79.737866569933,899.3325801992225,962.6457340658981
Wheat,88.13280289397548,23.21324050937272,78.86707447207614,909.6728692925192,258.13247006492537
Sugarcane,25.94348105026473,19.069997480544814,58.97053578244684,1478.2206685265583,359.2747359487405
Wheat,72.33633570035481,17.780046919512834,68.2648435806484,680.8919013788983,478.2578779464368
Rice,85.43037606832992,15.838715101146157,62.906009677022,1299.157971104782,696.1878791688964
Corn,95.0152797526621,11.729427465970746,55.58949314236809,834.1927141731098,635.8408682208787
Wheat,71.49232254606812,20.273439365041398,23.200879819333863,1230.8703457761603,300.5147939298512
Sugarcane,54.74572876075846,18.107430763923496,47.285860553159665,920.0110042956628,431.7823869905717
Rice,65.60625161810924,38.99252157599222,60.48717813004463,1078.35976311654,391.00141686881926
Wheat,88.20144860308464,26.731264787501317,60.65189683302108,1332.6117733261312,370.8342835922731
Rice,61.35487719749467,20.418311170915224,42.387357105343014,1304.165564983884,528.9154691839897
Sugarcane,12.734835372715317,27.41402802981088,76.50151919948183,1366.4231835397002,763.2251620733255
Sugarcane,93.78538259562801,14.175901040370865,30.04142193420686,559.617325344659,373.96234577378874
Rice,72.0574075928405,23.321312476066087,50.02156677293364,1192.050553039745,493.3431037623851
Wheat,70.88620471995219,28.787029642631914,61.45303859304937,639.9873767217629,512.7339414729298
Corn,29.410763715794545,24.66693495377354,61.82814835350855,915.818568018411,981.1652235483282
Sugarcane,69.29969232093916,22.053364019629726,58.918337406128934,1048.5884150546885,963.7330855032551
Wheat,45.44779650887426,39.815451666990946,36.51729280711161,902.7394847468307,840.1100662016607
Wheat,68.61096793373429,36.409442864467806,29.372394121197317,1019.6116758030075,393.3271366553481
Corn,19.593372727719164,28.702178744783204,58.15641960960265,1496.526308798619,254.42985127333574
Sugarcane,69.20607741427324,27.081320835468482,55.958126968366265,635.2173137128548,453.5233101764998
Sugarcane,99.94723531935999,28.61981439473752,30.76136061735446,1175.4560453364256,413.4356395470647
Wheat,14.339083497450043,16.039363234672997,62.3083487342338,896.0009663856152,604.7406401171152
Wheat,97.94567657991855,21.85413229792956,47.31031950401939,633.0097989073288,822.1823280542344
Corn,46.621716465058356,11.18378598672698,60.065635496189174,658.7367633743095,886.6583511030864
Corn,88.36781053035332,24.2663811246048,70.24202478620904,1449.2731062456169,875.8912683284068
Sugarcane,80.4146935652446,26.290737518729895,30.18370571461539,1379.6014967117621,487.7404489784542
Rice,61.0314634888001,16.832492083096287,21.1486920798102,1407.0419604150218,749.7874747685463
Sugarcane,76.46042883261939,38.92086541496541,66.7461551837472,1491.5327758273866,450.26735801937605
Wheat,89.06640051712131,37.28363832811726,56.581845509156956,708.315390008518,248.72443458814615
Sugarcane,46.37262894859297,31.664297063677175,61.978374177327304,855.4393373640618,761.2522124823538
Rice,39.43298454069148,26.001598862960876,70.28929849931856,1169.2190299248668,207.86204205583027
Corn,70.08340470072262,36.099074789430546,68.16865608947003,983.8025398606472,527.3460699667909
Rice,82.70613477471328,13.919570314703886,77.65520881572948,918.3895333783335,463.5034154416606
Rice,78.60566212989542,33.71529382824655,52.156104731127094,857.8112493355931,754.7020308150819
Rice,81.80322839727711,13.744624419005449,49.30973795959432,1093.7806319434521,812.9963782083031
Corn,49.20249833316397,33.82631987648216,44.113231993443804,1075.593428640082,443.27570877702703
Rice,83.60507945575195,18.273027047540708,29.22146257065227,661.45783406424,849.3016115558828
Rice,20.81881498335476,36.31271743054567,54.356433972921344,971.7398375184391,435.133408403947
Rice,59.00401881647646,38.32126281476194,36.620751459558726,1053.4717762098498,557.061087989249
Wheat,10.518279444830942,14.463879082153468,75.27845073277854,1070.2869387313904,781.6148216113072
Rice,39.21272469102433,23.880268151961808,54.99144825662585,710.1071929123518,754.3361833798309
Corn,42.98153813842581,39.42962134488055,55.57041083048661,1242.2713922522867,989.89477784976
Rice,45.655542244832986,24.502223079194398,41.2954796526206,525.1990948210696,380.1288193727455
Rice,72.5920486020876,35.90642567543635,23.11936111866245,854.8318555431626,729.8543308316658
Corn,44.97022911433112,27.661945663939594,21.904625922379317,1280.2126485356334,687.745526620622
Rice,50.38242603602776,21.259897237588056,45.40010864919185,1063.8929210554024,932.078763592024
Corn,31.378971778689472,18.573506665776108,25.07392268583427,761.1624325108603,325.08971331590004
Rice,43.59266124664061,16.096692732582618,56.41081733240835,1194.9531193430475,801.4385308695464
Corn,30.454266453683633,32.85394574133092,72.85838033837945,1067.3909441560734,654.6148930150147
Rice,16.587633139159927,21.596215204690836,72.97488899112332,1296.2436094563873,419.73269583032436
Rice,64.31037340432401,25.338263866022537,59.54272460793394,1235.0251861898232,579.5479313177393
Wheat,70.13915186995146,24.769764400035456,32.67390988837586,1110.1079220362346,467.0212776558382
Wheat,65.7541311408653,27.31837087699394,71.77980988153232,988.177675310814,663.4507222307686
Rice,51.71446394205151,35.96731436873657,73.16560611879248,633.1821256675235,911.2004886517327
Rice,44.18072021613068,39.422180307502884,31.799215097177523,761.3330178853837,655.4439875297617
Sugarcane,87.70002846146427,22.227526257214507,64.24556514624064,919.0994729170852,705.3779346612673
